"","Country.Name","Region","IncomeGroup","1960","1961","1962","1963","1964","1965","1966","1967","1968","1969","1970","1971","1972","1973","1974","1975","1976","1977","1978","1979","1980","1981","1982","1983","1984","1985","1986","1987","1988","1989","1990","1991","1992","1993","1994","1995","1996","1997","1998","1999","2000","2001","2002","2003","2004","2005","2006","2007","2008","2009","2010","2011","2012","2013","2014","2015","2016","2017","2018","2019","2020"
"1","Aruba","Latin America & Caribbean","High income",NA,NA,NA,NA,NA,NA,NA,NA,NA,NA,NA,NA,NA,NA,NA,NA,NA,NA,NA,NA,NA,NA,NA,NA,NA,NA,NA,NA,NA,NA,NA,NA,NA,NA,NA,NA,NA,NA,NA,NA,NA,NA,NA,NA,NA,NA,NA,NA,NA,NA,NA,NA,NA,NA,NA,NA,NA,NA,NA,NA,NA
"2","Afghanistan","South Asia","Low income",NA,NA,NA,NA,NA,NA,NA,NA,NA,NA,NA,NA,NA,NA,NA,NA,NA,NA,NA,NA,NA,NA,NA,NA,NA,NA,NA,NA,NA,NA,NA,NA,NA,NA,NA,NA,NA,NA,NA,NA,NA,NA,NA,NA,NA,NA,NA,NA,NA,NA,NA,NA,NA,NA,NA,NA,NA,NA,NA,NA,NA
"3","Angola","Sub-Saharan Africa","Lower middle income",52,52,52,52,52,52,52,52,52,52,52,52,52,52,52,52,52,52,52,52,52,52,52,52,52,52,52,52,52,52,52,52,52,52,52,52,52,52,52,52,52,50.8375,49.675,48.5125,47.35,46.1875,45.025,43.8625,42.7,43.56,44.42,45.28,46.14,47,47.86,48.72,49.58,50.44,51.3,51.3,51.3
"4","Albania","Europe & Central Asia","Upper middle income",27,27,27,27,27,27,27,27,27,27,27,27,27,27,27,27,27,27,27,27,27,27,27,27,27,27,27,27,27,27,27,27,27,27,27,27,27,27.7833333333333,28.5666666666667,29.35,30.1333333333333,30.9166666666667,31.7,31.3333333333333,30.9666666666667,30.6,30.4,30.2,30,29.75,29.5,29.25,29,31.8,34.6,32.9,33.7,33.2,33.2,33.2,33.2
"5","Andorra","Europe & Central Asia","High income",NA,NA,NA,NA,NA,NA,NA,NA,NA,NA,NA,NA,NA,NA,NA,NA,NA,NA,NA,NA,NA,NA,NA,NA,NA,NA,NA,NA,NA,NA,NA,NA,NA,NA,NA,NA,NA,NA,NA,NA,NA,NA,NA,NA,NA,NA,NA,NA,NA,NA,NA,NA,NA,NA,NA,NA,NA,NA,NA,NA,NA
"6","Arab World","","",NA,NA,NA,NA,NA,NA,NA,NA,NA,NA,NA,NA,NA,NA,NA,NA,NA,NA,NA,NA,NA,NA,NA,NA,NA,NA,NA,NA,NA,NA,NA,NA,NA,NA,NA,NA,NA,NA,NA,NA,NA,NA,NA,NA,NA,NA,NA,NA,NA,NA,NA,NA,NA,NA,NA,NA,NA,NA,NA,NA,NA
"7","United Arab Emirates","Middle East & North Africa","High income",NA,NA,NA,NA,NA,NA,NA,NA,NA,NA,NA,NA,NA,NA,NA,NA,NA,NA,NA,NA,NA,NA,NA,NA,NA,NA,NA,NA,NA,NA,NA,NA,NA,NA,NA,NA,NA,NA,NA,NA,NA,NA,NA,NA,NA,NA,NA,NA,NA,NA,NA,NA,NA,NA,32.5,NA,NA,NA,NA,NA,NA
"8","Argentina","Latin America & Caribbean","Upper middle income",40.8,40.8,40.8,40.8,40.8,40.8,40.8,40.8,40.8,40.8,40.8,40.8,40.8,40.8,40.8,40.8,40.8,40.8,40.8,40.8,40.8,41.1333333333333,41.4666666666667,41.8,42.1333333333333,42.4666666666667,42.8,45.3,45.675,46.05,46.425,46.8,45.5,44.9,45.9,48.9,49.5,49.1,50.7,49.8,51.1,53.3,53.8,51.2,48.6,48,46.7,46.6,45.3,44.1,44.5,42.7,41.4,41,41.7,41.85,42,41.2,41.4,41.4,41.4
"9","Armenia","Europe & Central Asia","Upper middle income",36.2,36.2,36.2,36.2,36.2,36.2,36.2,36.2,36.2,36.2,36.2,36.2,36.2,36.2,36.2,36.2,36.2,36.2,36.2,36.2,36.2,36.2,36.2,36.2,36.2,36.2,36.2,36.2,36.2,36.2,36.2,36.2,36.2,36.2,36.2,36.2,36.2,36.2,36.2,36.2,35.8,35.4,34.8,33,37.5,36,29.7,31.2,29.2,28,30,29.4,29.6,30.6,31.5,32.4,32.5,33.6,34.4,34.4,34.4
"10","American Samoa","East Asia & Pacific","Upper middle income",NA,NA,NA,NA,NA,NA,NA,NA,NA,NA,NA,NA,NA,NA,NA,NA,NA,NA,NA,NA,NA,NA,NA,NA,NA,NA,NA,NA,NA,NA,NA,NA,NA,NA,NA,NA,NA,NA,NA,NA,NA,NA,NA,NA,NA,NA,NA,NA,NA,NA,NA,NA,NA,NA,NA,NA,NA,NA,NA,NA,NA
"11","Antigua and Barbuda","Latin America & Caribbean","High income",NA,NA,NA,NA,NA,NA,NA,NA,NA,NA,NA,NA,NA,NA,NA,NA,NA,NA,NA,NA,NA,NA,NA,NA,NA,NA,NA,NA,NA,NA,NA,NA,NA,NA,NA,NA,NA,NA,NA,NA,NA,NA,NA,NA,NA,NA,NA,NA,NA,NA,NA,NA,NA,NA,NA,NA,NA,NA,NA,NA,NA
"12","Australia","East Asia & Pacific","High income",31.3,31.3,31.3,31.3,31.3,31.3,31.3,31.3,31.3,31.3,31.3,31.3,31.3,31.3,31.3,31.3,31.3,31.3,31.3,31.3,31.3,31.3,31.6,31.9,32.2,32.5,32.675,32.85,33.025,33.2,33.1,33,32.9,32.8,32.7,32.6,32.75,32.9,33.05,33.2,33.35,33.5,33.5,33.5,33.1,33.675,34.25,34.825,35.4,35.05,34.7,34.625,34.55,34.475,34.4,34.4,34.4,34.4,34.4,34.4,34.4
"13","Austria","Europe & Central Asia","High income",23,23,23,23,23,23,23,23,23,23,23,23,23,23,23,23,23,23,23,23,23,23,23,23,23,23,23,23,24.1857142857143,25.3714285714286,26.5571428571429,27.7428571428571,28.9285714285714,30.1142857142857,31.3,31.1,30.65,30.2,29.7333333333333,29.2666666666667,28.8,29.0333333333333,29.2666666666667,29.5,29.8,28.7,29.6,30.6,30.4,31.5,30.3,30.8,30.5,30.8,30.5,30.5,30.8,29.7,29.7,29.7,29.7
"14","Azerbaijan","Europe & Central Asia","Upper middle income",34.7,34.7,34.7,34.7,34.7,34.7,34.7,34.7,34.7,34.7,34.7,34.7,34.7,34.7,34.7,34.7,34.7,34.7,34.7,34.7,34.7,34.7,34.7,34.7,34.7,34.7,34.7,34.7,34.7,34.7,34.7,34.7,34.7,34.7,34.7,34.7,35,35.3,35.6,35.9,36.2,36.5,25.3,26.8,26.6,26.6,26.6,26.6,26.6,26.6,26.6,26.6,26.6,26.6,26.6,26.6,26.6,26.6,26.6,26.6,26.6
"15","Burundi","Sub-Saharan Africa","Low income",33.3,33.3,33.3,33.3,33.3,33.3,33.3,33.3,33.3,33.3,33.3,33.3,33.3,33.3,33.3,33.3,33.3,33.3,33.3,33.3,33.3,33.3,33.3,33.3,33.3,33.3,33.3,33.3,33.3,33.3,33.3,33.3,33.3,34.8,36.3,37.8,39.3,40.8,42.3,41.1875,40.075,38.9625,37.85,36.7375,35.625,34.5125,33.4,34.1428571428571,34.8857142857143,35.6285714285714,36.3714285714286,37.1142857142857,37.8571428571429,38.6,38.6,38.6,38.6,38.6,38.6,38.6,38.6
"16","Belgium","Europe & Central Asia","High income",25.2,25.2,25.2,25.2,25.2,25.2,25.2,25.2,25.2,25.2,25.2,25.2,25.2,25.2,25.2,25.2,25.2,25.2,25.2,25.2,25.2,25.2,25.2,25.2,25.2,25.2,25.3666666666667,25.5333333333333,25.7,25.525,25.35,25.175,25,26.1333333333333,27.2666666666667,28.4,27.6,26.8,28.9,31,33.1,31.4333333333333,29.7666666666667,28.1,30.5,29.3,28.1,29.2,28.4,28.6,28.4,28.1,27.5,27.7,28.1,27.7,27.6,27.4,27.4,27.4,27.4
"17","Benin","Sub-Saharan Africa","Lower middle income",38.6,38.6,38.6,38.6,38.6,38.6,38.6,38.6,38.6,38.6,38.6,38.6,38.6,38.6,38.6,38.6,38.6,38.6,38.6,38.6,38.6,38.6,38.6,38.6,38.6,38.6,38.6,38.6,38.6,38.6,38.6,38.6,38.6,38.6,38.6,38.6,38.6,38.6,38.6,38.6,38.6,38.6,38.6,38.6,39.2,39.8,40.4,41,41.6,42.2,42.8,43.4,44.5,45.6,46.7,47.8,47.8,47.8,47.8,47.8,47.8
"18","Burkina Faso","Sub-Saharan Africa","Low income",48.1,48.1,48.1,48.1,48.1,48.1,48.1,48.1,48.1,48.1,48.1,48.1,48.1,48.1,48.1,48.1,48.1,48.1,48.1,48.1,48.1,48.1,48.1,48.1,48.1,48.1,48.1,48.1,48.1,48.1,48.1,48.1,48.1,48.1,48.1,48.55,49,49.45,49.9,48.58,47.26,45.94,44.62,43.3,42.7166666666667,42.1333333333333,41.55,40.9666666666667,40.3833333333333,39.8,38.9,38,37.1,36.2,35.3,35.3,35.3,35.3,35.3,35.3,35.3
"19","Bangladesh","South Asia","Lower middle income",25.9,25.9,25.9,25.9,25.9,25.9,25.9,25.9,25.9,25.9,25.9,25.9,25.9,25.9,25.9,25.9,25.9,25.9,25.9,25.9,25.9,25.9,25.9,25.9,26.4,26.9,27.5333333333333,28.1666666666667,28.8,28.4,28,27.6,28.925,30.25,31.575,32.9,33,33.1,33.2,33.3,33.4,33.36,33.32,33.28,33.24,33.2,32.98,32.76,32.54,32.32,32.1,32.15,32.2,32.25,32.3,32.35,32.4,32.4,32.4,32.4,32.4
"20","Bulgaria","Europe & Central Asia","Upper middle income",35.7,35.7,35.7,35.7,35.7,35.7,35.7,35.7,35.7,35.7,35.7,35.7,35.7,35.7,35.7,35.7,35.7,35.7,35.7,35.7,35.7,35.7,35.7,35.7,35.7,35.7,35.7,35.7,35.7,35.7,35.7,35.7,35.7,35.7,35.7,35.7,35.7,35.7,35.7,35.7,35.7,35.7,35.7,35.7,35.7,35.7,35.7,36.1,33.6,33.8,35.7,34.3,36,36.6,37.4,38.6,40.6,40.4,40.4,40.4,40.4
"21","Bahrain","Middle East & North Africa","High income",NA,NA,NA,NA,NA,NA,NA,NA,NA,NA,NA,NA,NA,NA,NA,NA,NA,NA,NA,NA,NA,NA,NA,NA,NA,NA,NA,NA,NA,NA,NA,NA,NA,NA,NA,NA,NA,NA,NA,NA,NA,NA,NA,NA,NA,NA,NA,NA,NA,NA,NA,NA,NA,NA,NA,NA,NA,NA,NA,NA,NA
"22","Bahamas, The","Latin America & Caribbean","High income",NA,NA,NA,NA,NA,NA,NA,NA,NA,NA,NA,NA,NA,NA,NA,NA,NA,NA,NA,NA,NA,NA,NA,NA,NA,NA,NA,NA,NA,NA,NA,NA,NA,NA,NA,NA,NA,NA,NA,NA,NA,NA,NA,NA,NA,NA,NA,NA,NA,NA,NA,NA,NA,NA,NA,NA,NA,NA,NA,NA,NA
"23","Bosnia and Herzegovina","Europe & Central Asia","Upper middle income",30,30,30,30,30,30,30,30,30,30,30,30,30,30,30,30,30,30,30,30,30,30,30,30,30,30,30,30,30,30,30,30,30,30,30,30,30,30,30,30,30,30,31.3333333333333,32.6666666666667,34,33.7,33.4,33.1,33.075,33.05,33.025,33,33,33,33,33,33,33,33,33,33
"24","Belarus","Europe & Central Asia","Upper middle income",32,32,32,32,32,32,32,32,32,32,32,32,32,32,32,32,32,32,32,32,32,32,32,32,32,32,32,32,32,32,32,32,32,32,32,32,32,32,32,31.7,31.2,30.6,30.3,28.8,26.5,27.6,28.3,29.6,27.8,27.7,28.6,27.2,26.5,26.6,27.2,25.6,25.3,25.4,25.2,25.2,25.2
"25","Belize","Latin America & Caribbean","Upper middle income",60.3,60.3,60.3,60.3,60.3,60.3,60.3,60.3,60.3,60.3,60.3,60.3,60.3,60.3,60.3,60.3,60.3,60.3,60.3,60.3,60.3,60.3,60.3,60.3,60.3,60.3,60.3,60.3,60.3,60.3,60.3,60.3,60.3,60.3,60.9,58.75,56.6,60.4,54.9,53.3,53.3,53.3,53.3,53.3,53.3,53.3,53.3,53.3,53.3,53.3,53.3,53.3,53.3,53.3,53.3,53.3,53.3,53.3,53.3,53.3,53.3
"26","Bermuda","North America","High income",NA,NA,NA,NA,NA,NA,NA,NA,NA,NA,NA,NA,NA,NA,NA,NA,NA,NA,NA,NA,NA,NA,NA,NA,NA,NA,NA,NA,NA,NA,NA,NA,NA,NA,NA,NA,NA,NA,NA,NA,NA,NA,NA,NA,NA,NA,NA,NA,NA,NA,NA,NA,NA,NA,NA,NA,NA,NA,NA,NA,NA
"27","Bolivia","Latin America & Caribbean","Lower middle income",49.1,49.1,49.1,49.1,49.1,49.1,49.1,49.1,49.1,49.1,49.1,49.1,49.1,49.1,49.1,49.1,49.1,49.1,49.1,49.1,49.1,49.1,49.1,49.1,49.1,49.1,49.1,49.1,49.1,49.1,49.1,49.1,49.1,50.92,52.74,54.56,56.38,58.2,58.15,58.1,61.6,57.4,59.3,57.15,55,58.5,56.7,54.5,50.8,49.2,47.65,46.1,46.6,47.6,47.8,46.7,44.6,44,42.2,42.2,42.2
"28","Brazil","Latin America & Caribbean","Upper middle income",58,58,58,58,58,58,58,58,58,58,58,58,58,58,58,58,58,58,58,58,58,58,58.4,59,58.4,55.6,58.5,59.7,61.4,63.3,60.5,56.85,53.2,60.1,59.85,59.6,59.9,59.8,59.6,59,58.7,58.4,58.1,57.6,56.5,56.3,55.6,54.9,54,53.7,53.3,52.9,53.5,52.8,52.1,51.9,53.3,53.3,53.9,53.9,53.9
"29","Barbados","Latin America & Caribbean","High income",NA,NA,NA,NA,NA,NA,NA,NA,NA,NA,NA,NA,NA,NA,NA,NA,NA,NA,NA,NA,NA,NA,NA,NA,NA,NA,NA,NA,NA,NA,NA,NA,NA,NA,NA,NA,NA,NA,NA,NA,NA,NA,NA,NA,NA,NA,NA,NA,NA,NA,NA,NA,NA,NA,NA,NA,NA,NA,NA,NA,NA
"30","Brunei Darussalam","East Asia & Pacific","High income",NA,NA,NA,NA,NA,NA,NA,NA,NA,NA,NA,NA,NA,NA,NA,NA,NA,NA,NA,NA,NA,NA,NA,NA,NA,NA,NA,NA,NA,NA,NA,NA,NA,NA,NA,NA,NA,NA,NA,NA,NA,NA,NA,NA,NA,NA,NA,NA,NA,NA,NA,NA,NA,NA,NA,NA,NA,NA,NA,NA,NA
"31","Bhutan","South Asia","Lower middle income",40.9,40.9,40.9,40.9,40.9,40.9,40.9,40.9,40.9,40.9,40.9,40.9,40.9,40.9,40.9,40.9,40.9,40.9,40.9,40.9,40.9,40.9,40.9,40.9,40.9,40.9,40.9,40.9,40.9,40.9,40.9,40.9,40.9,40.9,40.9,40.9,40.9,40.9,40.9,40.9,40.9,40.9,40.9,40.9,40.2,39.5,38.8,38.1,38.24,38.38,38.52,38.66,38.8,38.52,38.24,37.96,37.68,37.4,37.4,37.4,37.4
"32","Botswana","Sub-Saharan Africa","Upper middle income",54.2,54.2,54.2,54.2,54.2,54.2,54.2,54.2,54.2,54.2,54.2,54.2,54.2,54.2,54.2,54.2,54.2,54.2,54.2,54.2,54.2,54.2,54.2,54.2,54.2,54.2,55.025,55.85,56.675,57.5,58.325,59.15,59.975,60.8,61.2333333333333,61.6666666666667,62.1,62.5333333333333,62.9666666666667,63.4,63.8333333333333,64.2666666666667,64.7,64.1,63.5,62.9,62.3,61.7,61.1,60.5,59.3,58.1,56.9,55.7,54.5,53.3,53.3,53.3,53.3,53.3,53.3
"33","Central African Republic","Sub-Saharan Africa","Low income",61.3,61.3,61.3,61.3,61.3,61.3,61.3,61.3,61.3,61.3,61.3,61.3,61.3,61.3,61.3,61.3,61.3,61.3,61.3,61.3,61.3,61.3,61.3,61.3,61.3,61.3,61.3,61.3,61.3,61.3,61.3,61.3,61.3,59.6909090909091,58.0818181818182,56.4727272727273,54.8636363636364,53.2545454545455,51.6454545454545,50.0363636363636,48.4272727272727,46.8181818181818,45.2090909090909,43.6,46.12,48.64,51.16,53.68,56.2,56.2,56.2,56.2,56.2,56.2,56.2,56.2,56.2,56.2,56.2,56.2,56.2
"34","Canada","North America","High income",37.3,37.3,37.3,37.3,37.3,37.3,37.3,37.3,37.3,37.3,37.3,37.3,36.3,35.3,34.3,33.3,33.15,33,32.85,32.7,32.55,32.4,32.25,32.1,31.95,31.8,31.65,31.5,31.375,31.25,31.125,31,31.1,31.2,31.3,31.4,31.5,31.6,33.2,33.25,33.3,33.4,33.5,33.6,33.7,33.7333333333333,33.7666666666667,33.8,33.7333333333333,33.6666666666667,33.6,33.6666666666667,33.7333333333333,33.8,33.675,33.55,33.425,33.3,33.3,33.3,33.3
"35","Central Europe and the Baltics","","",NA,NA,NA,NA,NA,NA,NA,NA,NA,NA,NA,NA,NA,NA,NA,NA,NA,NA,NA,NA,NA,NA,NA,NA,NA,NA,NA,NA,NA,NA,NA,NA,NA,NA,NA,NA,NA,NA,NA,NA,NA,NA,NA,NA,NA,NA,NA,NA,NA,NA,NA,NA,NA,NA,NA,NA,NA,NA,NA,NA,NA
"36","Switzerland","Europe & Central Asia","High income",36,36,36,36,36,36,36,36,36,36,36,36,36,36,36,36,36,36,36,36,36,36,36,35.79,35.58,35.37,35.16,34.95,34.74,34.53,34.32,34.11,33.9,33.8375,33.775,33.7125,33.65,33.5875,33.525,33.4625,33.4,32.55,31.7,32.25,32.8,33.35,33.9,34.3,33.8,32.9,32.6,31.7,31.6,32.5,32.5,32.3,33,32.7,32.7,32.7,32.7
"37","Channel Islands","Europe & Central Asia","High income",NA,NA,NA,NA,NA,NA,NA,NA,NA,NA,NA,NA,NA,NA,NA,NA,NA,NA,NA,NA,NA,NA,NA,NA,NA,NA,NA,NA,NA,NA,NA,NA,NA,NA,NA,NA,NA,NA,NA,NA,NA,NA,NA,NA,NA,NA,NA,NA,NA,NA,NA,NA,NA,NA,NA,NA,NA,NA,NA,NA,NA
"38","Chile","Latin America & Caribbean","High income",56.2,56.2,56.2,56.2,56.2,56.2,56.2,56.2,56.2,56.2,56.2,56.2,56.2,56.2,56.2,56.2,56.2,56.2,56.2,56.2,56.2,56.2,56.2,56.2,56.2,56.2,56.2,56.2,56.5333333333333,56.8666666666667,57.2,56,54.8,55.6,56.4,55.65,54.9,55.2,55.5,54.15,52.8,52.3666666666667,51.9333333333333,51.5,50.1,48.7,47.3,47.2,47.1,47,46.5,46,45.9,45.8,45.1,44.4,44.4,44.4,44.4,44.4,44.4
"39","China","East Asia & Pacific","Upper middle income",32.2,32.2,32.2,32.2,32.2,32.2,32.2,32.2,32.2,32.2,32.2,32.2,32.2,32.2,32.2,32.2,32.2,32.2,32.2,32.2,32.2,32.2,32.2,32.2,32.2,32.2,32.2,32.2,32.2,32.2,32.2,32.7,33.2,33.7,34.2,34.7,35.2,36.3666666666667,37.5333333333333,38.7,39.8,40.9,42,41.6333333333333,41.2666666666667,40.9,41.6,42.3,43,43.35,43.7,42.4,42.2,39.7,39.2,38.6,38.5,38.5,38.5,38.5,38.5
"40","Côte d'Ivoire","Sub-Saharan Africa","Lower middle income",NA,NA,NA,NA,NA,NA,NA,NA,NA,NA,NA,NA,NA,NA,NA,NA,NA,NA,NA,NA,NA,NA,NA,NA,NA,NA,NA,NA,NA,NA,NA,NA,NA,NA,NA,NA,NA,NA,NA,NA,NA,NA,NA,NA,NA,NA,NA,NA,NA,NA,NA,NA,NA,NA,NA,NA,NA,NA,NA,NA,NA
"41","Cameroon","Sub-Saharan Africa","Lower middle income",44.4,44.4,44.4,44.4,44.4,44.4,44.4,44.4,44.4,44.4,44.4,44.4,44.4,44.4,44.4,44.4,44.4,44.4,44.4,44.4,44.4,44.4,44.4,44.4,44.4,44.4,44.4,44.4,44.4,44.4,44.4,44.4,44.4,44.4,44.4,44.4,44.4,43.94,43.48,43.02,42.56,42.1,42.2166666666667,42.3333333333333,42.45,42.5666666666667,42.6833333333333,42.8,43.3428571428571,43.8857142857143,44.4285714285714,44.9714285714286,45.5142857142857,46.0571428571429,46.6,46.6,46.6,46.6,46.6,46.6,46.6
"42","Congo, Dem. Rep.","Sub-Saharan Africa","Low income",42.2,42.2,42.2,42.2,42.2,42.2,42.2,42.2,42.2,42.2,42.2,42.2,42.2,42.2,42.2,42.2,42.2,42.2,42.2,42.2,42.2,42.2,42.2,42.2,42.2,42.2,42.2,42.2,42.2,42.2,42.2,42.2,42.2,42.2,42.2,42.2,42.2,42.2,42.2,42.2,42.2,42.2,42.2,42.2,42.2,42.1875,42.175,42.1625,42.15,42.1375,42.125,42.1125,42.1,42.1,42.1,42.1,42.1,42.1,42.1,42.1,42.1
"43","Congo, Rep.","Sub-Saharan Africa","Lower middle income",47.3,47.3,47.3,47.3,47.3,47.3,47.3,47.3,47.3,47.3,47.3,47.3,47.3,47.3,47.3,47.3,47.3,47.3,47.3,47.3,47.3,47.3,47.3,47.3,47.3,47.3,47.3,47.3,47.3,47.3,47.3,47.3,47.3,47.3,47.3,47.3,47.3,47.3,47.3,47.3,47.3,47.3,47.3,47.3,47.3,47.3,47.5666666666667,47.8333333333333,48.1,48.3666666666667,48.6333333333333,48.9,48.9,48.9,48.9,48.9,48.9,48.9,48.9,48.9,48.9
"44","Colombia","Latin America & Caribbean","Upper middle income",51.5,51.5,51.5,51.5,51.5,51.5,51.5,51.5,51.5,51.5,51.5,51.5,51.5,51.5,51.5,51.5,51.5,51.5,51.5,51.5,51.5,51.5,51.5,51.5,51.5,51.5,51.5,51.5,51.5,51.5,51.5,51.5,51.5,52.85,54.2,55.55,56.9,57.5,58.1,58.7,58.7,57.2,55.8,53.4,54.8,53.7,54.3,54.9,55.5,54.4,54.7,53.5,52.7,52.8,52.7,51.1,50.8,49.7,50.4,50.4,50.4
"45","Comoros","Sub-Saharan Africa","Lower middle income",55.9,55.9,55.9,55.9,55.9,55.9,55.9,55.9,55.9,55.9,55.9,55.9,55.9,55.9,55.9,55.9,55.9,55.9,55.9,55.9,55.9,55.9,55.9,55.9,55.9,55.9,55.9,55.9,55.9,55.9,55.9,55.9,55.9,55.9,55.9,55.9,55.9,55.9,55.9,55.9,55.9,55.9,55.9,55.9,55.9,54.84,53.78,52.72,51.66,50.6,49.54,48.48,47.42,46.36,45.3,45.3,45.3,45.3,45.3,45.3,45.3
"46","Cabo Verde","Sub-Saharan Africa","Lower middle income",52.5,52.5,52.5,52.5,52.5,52.5,52.5,52.5,52.5,52.5,52.5,52.5,52.5,52.5,52.5,52.5,52.5,52.5,52.5,52.5,52.5,52.5,52.5,52.5,52.5,52.5,52.5,52.5,52.5,52.5,52.5,52.5,52.5,52.5,52.5,52.5,52.5,52.5,52.5,52.5,52.5,52.5,51.6166666666667,50.7333333333333,49.85,48.9666666666667,48.0833333333333,47.2,46.6,46,45.4,44.8,44.2,43.6,43,42.4,42.4,42.4,42.4,42.4,42.4
"47","Costa Rica","Latin America & Caribbean","Upper middle income",47.5,47.5,47.5,47.5,47.5,47.5,47.5,47.5,47.5,47.5,47.5,47.5,47.5,47.5,47.5,47.5,47.5,47.5,47.5,47.5,47.5,47.5,44.88,42.26,39.64,37.02,34.4,38.5,42.6,46.7,45.3,46.6,45.7,46,46.8,45.7,46.5,45.6,45.7,47.7,47.4,51.6,51.9,49.3,48.3,47.5,49.4,49.3,48.7,50.6,48.2,48.7,48.6,49.3,48.6,48.4,48.7,48.3,48,48,48
"48","Caribbean small states","","",NA,NA,NA,NA,NA,NA,NA,NA,NA,NA,NA,NA,NA,NA,NA,NA,NA,NA,NA,NA,NA,NA,NA,NA,NA,NA,NA,NA,NA,NA,NA,NA,NA,NA,NA,NA,NA,NA,NA,NA,NA,NA,NA,NA,NA,NA,NA,NA,NA,NA,NA,NA,NA,NA,NA,NA,NA,NA,NA,NA,NA
"49","Cuba","Latin America & Caribbean","Upper middle income",NA,NA,NA,NA,NA,NA,NA,NA,NA,NA,NA,NA,NA,NA,NA,NA,NA,NA,NA,NA,NA,NA,NA,NA,NA,NA,NA,NA,NA,NA,NA,NA,NA,NA,NA,NA,NA,NA,NA,NA,NA,NA,NA,NA,NA,NA,NA,NA,NA,NA,NA,NA,NA,NA,NA,NA,NA,NA,NA,NA,NA
"50","Curaçao","Latin America & Caribbean","High income",NA,NA,NA,NA,NA,NA,NA,NA,NA,NA,NA,NA,NA,NA,NA,NA,NA,NA,NA,NA,NA,NA,NA,NA,NA,NA,NA,NA,NA,NA,NA,NA,NA,NA,NA,NA,NA,NA,NA,NA,NA,NA,NA,NA,NA,NA,NA,NA,NA,NA,NA,NA,NA,NA,NA,NA,NA,NA,NA,NA,NA
"51","Cayman Islands","Latin America & Caribbean","High income",NA,NA,NA,NA,NA,NA,NA,NA,NA,NA,NA,NA,NA,NA,NA,NA,NA,NA,NA,NA,NA,NA,NA,NA,NA,NA,NA,NA,NA,NA,NA,NA,NA,NA,NA,NA,NA,NA,NA,NA,NA,NA,NA,NA,NA,NA,NA,NA,NA,NA,NA,NA,NA,NA,NA,NA,NA,NA,NA,NA,NA
"52","Cyprus","Europe & Central Asia","High income",30.1,30.1,30.1,30.1,30.1,30.1,30.1,30.1,30.1,30.1,30.1,30.1,30.1,30.1,30.1,30.1,30.1,30.1,30.1,30.1,30.1,30.1,30.1,30.1,30.1,30.1,30.1,30.1,30.1,30.1,30.1,30.1,30.1,30.1,30.1,30.1,30.1,30.1,30.1,30.1,30.1,30.1,30.1,30.1,30.1,30.3,31.1,31.1,31.7,32.1,31.5,32.6,34.3,37,35.6,34,32.9,31.4,31.4,31.4,31.4
"53","Czech Republic","Europe & Central Asia","High income",20.7,20.7,20.7,20.7,20.7,20.7,20.7,20.7,20.7,20.7,20.7,20.7,20.7,20.7,20.7,20.7,20.7,20.7,20.7,20.7,20.7,20.7,20.7,20.7,20.7,20.7,20.7,20.7,20.7,20.7,20.7,20.7,20.7,26.6,26.3333333333333,26.0666666666667,25.8,25.9333333333333,26.0666666666667,26.2,26.3333333333333,26.4666666666667,26.6,27.05,27.5,26.9,26.7,26,26.3,26.2,26.6,26.4,26.1,26.5,25.9,25.9,25.4,24.9,24.9,24.9,24.9
"54","Germany","Europe & Central Asia","High income",29.2,29.2,29.2,29.2,29.2,29.2,29.2,29.2,29.2,29.2,29.2,29.2,29.2,29.2,29.2,29.2,29.2,29.2,29.2,29.2,29.2,29.2,29.2,29.2,29.2,29.2,29.2,29.2,29.2,29.2,29.2,29.2,29.2,29.2,29.2,28.9,28.7,28.5,28.3,28.55,28.8,30.3,29.9,30,30.4,32.1,31.3,31.3,31.1,30.5,30.2,30.5,30.8,31.1,31.4,31.7,31.9,31.9,31.9,31.9,31.9
"55","Djibouti","Middle East & North Africa","Lower middle income",40,40,40,40,40,40,40,40,40,40,40,40,40,40,40,40,40,40,40,40,40,40,40,40,40,40,40,40,40,40,40,40,40,40,40,40,40,40,40,40,40,40,40,40.51,41.02,41.53,42.04,42.55,43.06,43.57,44.08,44.59,45.1,44.1,43.475,42.85,42.225,41.6,41.6,41.6,41.6
"56","Dominica","Latin America & Caribbean","Upper middle income",NA,NA,NA,NA,NA,NA,NA,NA,NA,NA,NA,NA,NA,NA,NA,NA,NA,NA,NA,NA,NA,NA,NA,NA,NA,NA,NA,NA,NA,NA,NA,NA,NA,NA,NA,NA,NA,NA,NA,NA,NA,NA,NA,NA,NA,NA,NA,NA,NA,NA,NA,NA,NA,NA,NA,NA,NA,NA,NA,NA,NA
"57","Denmark","Europe & Central Asia","High income",26.2,26.2,26.2,26.2,26.2,26.2,26.2,26.2,26.2,26.2,26.2,26.2,26.2,26.2,26.2,26.2,26.2,26.2,26.2,26.2,26.2,26.2,26.2,26.2,26.2,26.2,26.2,26.2,25.9,25.6,25.3,25,24.7,24.1333333333333,23.5666666666667,23,23.16,23.32,23.48,23.64,23.8,24.4,25,25.6,24.9,25.2,25.9,26.2,25.2,26.7,27.2,27.3,27.8,28.5,28.4,28.2,28.2,28.7,28.7,28.7,28.7
"58","Dominican Republic","Latin America & Caribbean","Upper middle income",47.8,47.8,47.8,47.8,47.8,47.8,47.8,47.8,47.8,47.8,47.8,47.8,47.8,47.8,47.8,47.8,47.8,47.8,47.8,47.8,47.8,47.8,47.8,47.8,47.8,47.8,47.8,48.7,49.6,50.5,50.8,51.1,51.4,50.4,49.4,48.4,47.4,48.9,49.7666666666667,50.6333333333333,51.5,50,49.7,52.1,52.1,50,52,48.9,48.1,48.9,47.3,47.7,46.1,47.7,44.3,45.2,45.7,42.2,43.7,43.7,43.7
"59","Algeria","Middle East & North Africa","Lower middle income",40.2,40.2,40.2,40.2,40.2,40.2,40.2,40.2,40.2,40.2,40.2,40.2,40.2,40.2,40.2,40.2,40.2,40.2,40.2,40.2,40.2,40.2,40.2,40.2,40.2,40.2,40.2,40.2,40.2,39.5,38.8,38.1,37.4,36.7,36,35.3,34.81875,34.3375,33.85625,33.375,32.89375,32.4125,31.93125,31.45,30.96875,30.4875,30.00625,29.525,29.04375,28.5625,28.08125,27.6,27.6,27.6,27.6,27.6,27.6,27.6,27.6,27.6,27.6
"60","East Asia & Pacific (excluding high income)","","",NA,NA,NA,NA,NA,NA,NA,NA,NA,NA,NA,NA,NA,NA,NA,NA,NA,NA,NA,NA,NA,NA,NA,NA,NA,NA,NA,NA,NA,NA,NA,NA,NA,NA,NA,NA,NA,NA,NA,NA,NA,NA,NA,NA,NA,NA,NA,NA,NA,NA,NA,NA,NA,NA,NA,NA,NA,NA,NA,NA,NA
"61","Early-demographic dividend","","",NA,NA,NA,NA,NA,NA,NA,NA,NA,NA,NA,NA,NA,NA,NA,NA,NA,NA,NA,NA,NA,NA,NA,NA,NA,NA,NA,NA,NA,NA,NA,NA,NA,NA,NA,NA,NA,NA,NA,NA,NA,NA,NA,NA,NA,NA,NA,NA,NA,NA,NA,NA,NA,NA,NA,NA,NA,NA,NA,NA,NA
"62","East Asia & Pacific","","",NA,NA,NA,NA,NA,NA,NA,NA,NA,NA,NA,NA,NA,NA,NA,NA,NA,NA,NA,NA,NA,NA,NA,NA,NA,NA,NA,NA,NA,NA,NA,NA,NA,NA,NA,NA,NA,NA,NA,NA,NA,NA,NA,NA,NA,NA,NA,NA,NA,NA,NA,NA,NA,NA,NA,NA,NA,NA,NA,NA,NA
"63","Europe & Central Asia (excluding high income)","","",NA,NA,NA,NA,NA,NA,NA,NA,NA,NA,NA,NA,NA,NA,NA,NA,NA,NA,NA,NA,NA,NA,NA,NA,NA,NA,NA,NA,NA,NA,NA,NA,NA,NA,NA,NA,NA,NA,NA,NA,NA,NA,NA,NA,NA,NA,NA,NA,NA,NA,NA,NA,NA,NA,NA,NA,NA,NA,NA,NA,NA
"64","Europe & Central Asia","","",NA,NA,NA,NA,NA,NA,NA,NA,NA,NA,NA,NA,NA,NA,NA,NA,NA,NA,NA,NA,NA,NA,NA,NA,NA,NA,NA,NA,NA,NA,NA,NA,NA,NA,NA,NA,NA,NA,NA,NA,NA,NA,NA,NA,NA,NA,NA,NA,NA,NA,NA,NA,NA,NA,NA,NA,NA,NA,NA,NA,NA
"65","Ecuador","Latin America & Caribbean","Upper middle income",53.4,53.4,53.4,53.4,53.4,53.4,53.4,53.4,53.4,53.4,53.4,53.4,53.4,53.4,53.4,53.4,53.4,53.4,53.4,53.4,53.4,53.4,53.4,53.4,53.4,53.4,53.4,53.4,53.4,53.4,53.4,53.4,53.4,53.4,53.4,54.44,55.48,56.52,57.56,58.6,56.4,55.4,54.4,53.4,53.9,53.1,52.2,53.3,49.7,48.4,48.7,45.9,46.1,46.9,45,46,45,44.7,45.4,45.4,45.4
"66","Egypt, Arab Rep.","Middle East & North Africa","Lower middle income",32,32,32,32,32,32,32,32,32,32,32,32,32,32,32,32,32,32,32,32,32,32,32,32,32,32,32,32,32,32,32,31.62,31.24,30.86,30.48,30.1,30.775,31.45,32.125,32.8,32.6,32.4,32.2,32,31.8,31.625,31.45,31.275,31.1,30.65,30.2,29.25,28.3,29.4666666666667,30.6333333333333,31.8,31.65,31.5,31.5,31.5,31.5
"67","Euro area","","",NA,NA,NA,NA,NA,NA,NA,NA,NA,NA,NA,NA,NA,NA,NA,NA,NA,NA,NA,NA,NA,NA,NA,NA,NA,NA,NA,NA,NA,NA,NA,NA,NA,NA,NA,NA,NA,NA,NA,NA,NA,NA,NA,NA,NA,NA,NA,NA,NA,NA,NA,NA,NA,NA,NA,NA,NA,NA,NA,NA,NA
"68","Eritrea","Sub-Saharan Africa","Low income",NA,NA,NA,NA,NA,NA,NA,NA,NA,NA,NA,NA,NA,NA,NA,NA,NA,NA,NA,NA,NA,NA,NA,NA,NA,NA,NA,NA,NA,NA,NA,NA,NA,NA,NA,NA,NA,NA,NA,NA,NA,NA,NA,NA,NA,NA,NA,NA,NA,NA,NA,NA,NA,NA,NA,NA,NA,NA,NA,NA,NA
"69","Spain","Europe & Central Asia","High income",34.5,34.5,34.5,34.5,34.5,34.5,34.5,34.5,34.5,34.5,34.5,34.5,34.5,34.5,34.5,34.5,34.5,34.5,34.5,34.5,34.5,34.48,34.46,34.44,34.42,34.4,33.92,33.44,32.96,32.48,32,32.94,33.88,34.82,35.76,36.7,36.22,35.74,35.26,34.78,34.3,33.4666666666667,32.6333333333333,31.8,33.3,32.4,33.5,34.1,34.2,34.9,35.2,35.7,35.4,36.2,36.1,36.2,35.8,34.7,34.7,34.7,34.7
"70","Estonia","Europe & Central Asia","High income",37.2,37.2,37.2,37.2,37.2,37.2,37.2,37.2,37.2,37.2,37.2,37.2,37.2,37.2,37.2,37.2,37.2,37.2,37.2,37.2,37.2,37.2,37.2,37.2,37.2,37.2,37.2,37.2,37.2,37.2,37.2,37.2,37.2,37.2,37.2,37.2,37.2,37.2,37.2,37.2,37.2,37.2,37.2,37.2,33.6,33.4,33.7,31.2,31.9,31.4,32,32.5,32.9,35.1,34.6,32.7,31.2,30.4,30.4,30.4,30.4
"71","Ethiopia","Sub-Saharan Africa","Low income",44.6,44.6,44.6,44.6,44.6,44.6,44.6,44.6,44.6,44.6,44.6,44.6,44.6,44.6,44.6,44.6,44.6,44.6,44.6,44.6,44.6,44.6,44.6,44.6,44.6,44.6,44.6,44.6,44.6,44.6,44.6,44.6,44.6,44.6,44.6,44.6,40.95,37.3,33.65,30,29.96,29.92,29.88,29.84,29.8,30.3666666666667,30.9333333333333,31.5,32.0666666666667,32.6333333333333,33.2,33.56,33.92,34.28,34.64,35,35,35,35,35,35
"72","European Union","","",NA,NA,NA,NA,NA,NA,NA,NA,NA,NA,NA,NA,NA,NA,NA,NA,NA,NA,NA,NA,NA,NA,NA,NA,NA,NA,NA,NA,NA,NA,NA,NA,NA,NA,NA,NA,NA,NA,NA,NA,NA,NA,NA,NA,NA,NA,NA,NA,NA,NA,NA,NA,NA,NA,NA,NA,NA,NA,NA,NA,NA
"73","Fragile and conflict affected situations","","",NA,NA,NA,NA,NA,NA,NA,NA,NA,NA,NA,NA,NA,NA,NA,NA,NA,NA,NA,NA,NA,NA,NA,NA,NA,NA,NA,NA,NA,NA,NA,NA,NA,NA,NA,NA,NA,NA,NA,NA,NA,NA,NA,NA,NA,NA,NA,NA,NA,NA,NA,NA,NA,NA,NA,NA,NA,NA,NA,NA,NA
"74","Finland","Europe & Central Asia","High income",22.2,22.2,22.2,22.2,22.2,22.2,22.2,22.2,22.2,22.2,22.2,22.2,22.2,22.2,22.2,22.2,22.2,22.2,22.2,22.2,22.2,22.2,22.2,22.2,22.2,22.2,22.2,22.2,22.375,22.55,22.725,22.9,23.05,23.2,23.35,23.5,24.24,24.98,25.72,26.46,27.2,27.3666666666667,27.5333333333333,27.7,27.9,27.6,28,28.3,27.8,27.5,27.7,27.6,27.1,27.2,26.8,27.1,27.1,27.4,27.4,27.4,27.4
"75","Fiji","East Asia & Pacific","Upper middle income",38.1,38.1,38.1,38.1,38.1,38.1,38.1,38.1,38.1,38.1,38.1,38.1,38.1,38.1,38.1,38.1,38.1,38.1,38.1,38.1,38.1,38.1,38.1,38.1,38.1,38.1,38.1,38.1,38.1,38.1,38.1,38.1,38.1,38.1,38.1,38.1,38.1,38.1,38.1,38.1,38.1,38.1,38.1,38.4833333333333,38.8666666666667,39.25,39.6333333333333,40.0166666666667,40.4,39.66,38.92,38.18,37.44,36.7,36.7,36.7,36.7,36.7,36.7,36.7,36.7
"76","France","Europe & Central Asia","High income",35.2,35.2,35.2,35.2,35.2,35.2,35.2,35.2,35.2,35.2,35.2,35.2,35.2,35.2,35.2,35.2,35.2,35.2,35.2,35.4833333333333,35.7666666666667,36.05,36.3333333333333,36.6166666666667,36.9,35.96,35.02,34.08,33.14,32.2,32.22,32.24,32.26,32.28,32.3,32.1,31.9,31.7,31.5,31.3,31.1,31.2,31.3,31.4,30.6,29.8,29.7,32.4,33,32.7,33.7,33.3,33.1,32.5,32.3,32.7,31.9,31.6,31.6,31.6,31.6
"77","Faroe Islands","Europe & Central Asia","High income",NA,NA,NA,NA,NA,NA,NA,NA,NA,NA,NA,NA,NA,NA,NA,NA,NA,NA,NA,NA,NA,NA,NA,NA,NA,NA,NA,NA,NA,NA,NA,NA,NA,NA,NA,NA,NA,NA,NA,NA,NA,NA,NA,NA,NA,NA,NA,NA,NA,NA,NA,NA,NA,NA,NA,NA,NA,NA,NA,NA,NA
"78","Micronesia, Fed. Sts.","East Asia & Pacific","Lower middle income",42.4,42.4,42.4,42.4,42.4,42.4,42.4,42.4,42.4,42.4,42.4,42.4,42.4,42.4,42.4,42.4,42.4,42.4,42.4,42.4,42.4,42.4,42.4,42.4,42.4,42.4,42.4,42.4,42.4,42.4,42.4,42.4,42.4,42.4,42.4,42.4,42.4,42.4,42.4,42.4,42.4,42.4,42.4,42.4,42.4,42.4,42.1125,41.825,41.5375,41.25,40.9625,40.675,40.3875,40.1,40.1,40.1,40.1,40.1,40.1,40.1,40.1
"79","Gabon","Sub-Saharan Africa","Upper middle income",42.2,42.2,42.2,42.2,42.2,42.2,42.2,42.2,42.2,42.2,42.2,42.2,42.2,42.2,42.2,42.2,42.2,42.2,42.2,42.2,42.2,42.2,42.2,42.2,42.2,42.2,42.2,42.2,42.2,42.2,42.2,42.2,42.2,42.2,42.2,42.2,42.2,42.2,42.2,42.2,42.2,42.2,42.2,42.2,42.2,42.2,41.85,41.5,41.15,40.8,40.45,40.1,39.75,39.4,39.05,38.7,38.35,38,38,38,38
"80","United Kingdom","Europe & Central Asia","High income",33.7,33.7,33.7,33.7,33.7,33.7,33.7,33.7,33.7,33.7,32.96,32.22,31.48,30.74,30,29.68,29.36,29.04,28.72,28.4,28.9,29.4,29.9,30.4,30.9,31.4,31.9,32.7,33.5,34.3,35.1,35.9,35.9666666666667,36.0333333333333,36.1,36.3,36.475,36.65,36.825,37,36.8,36.6,36.4,36.2,36,34.3,34.6,35.7,34.1,34.3,34.4,33.2,32.3,33.2,34,33.2,34.8,34.8,34.8,34.8,34.8
"81","Georgia","Europe & Central Asia","Upper middle income",37.1,37.1,37.1,37.1,37.1,37.1,37.1,37.1,37.1,37.1,37.1,37.1,37.1,37.1,37.1,37.1,37.1,37.1,37.1,37.1,37.1,37.1,37.1,37.1,37.1,37.1,37.1,37.1,37.1,37.1,37.1,37.1,37.1,37.1,37.1,37.1,37.1,40.7,41.3,40.1,40.5,39.6,37.2,36.7,36.2,37.4,36.9,38.1,38.5,38.2,39.5,39.6,39,38.6,37.6,36.5,36.6,37.9,36.4,36.4,36.4
"82","Ghana","Sub-Saharan Africa","Lower middle income",35.3,35.3,35.3,35.3,35.3,35.3,35.3,35.3,35.3,35.3,35.3,35.3,35.3,35.3,35.3,35.3,35.3,35.3,35.3,35.3,35.3,35.3,35.3,35.3,35.3,35.3,35.3,35.3,36,36.8,37.6,38.4,38.6428571428571,38.8857142857143,39.1285714285714,39.3714285714286,39.6142857142857,39.8571428571429,40.1,40.4857142857143,40.8714285714286,41.2571428571429,41.6428571428571,42.0285714285714,42.4142857142857,42.8,42.7428571428571,42.6857142857143,42.6285714285714,42.5714285714286,42.5142857142857,42.4571428571429,42.4,42.675,42.95,43.225,43.5,43.5,43.5,43.5,43.5
"83","Gibraltar","Europe & Central Asia","High income",NA,NA,NA,NA,NA,NA,NA,NA,NA,NA,NA,NA,NA,NA,NA,NA,NA,NA,NA,NA,NA,NA,NA,NA,NA,NA,NA,NA,NA,NA,NA,NA,NA,NA,NA,NA,NA,NA,NA,NA,NA,NA,NA,NA,NA,NA,NA,NA,NA,NA,NA,NA,NA,NA,NA,NA,NA,NA,NA,NA,NA
"84","Guinea","Sub-Saharan Africa","Low income",46.8,46.8,46.8,46.8,46.8,46.8,46.8,46.8,46.8,46.8,46.8,46.8,46.8,46.8,46.8,46.8,46.8,46.8,46.8,46.8,46.8,46.8,46.8,46.8,46.8,46.8,46.8,46.8,46.8,46.8,46.8,46.8,46.5666666666667,46.3333333333333,46.1,45.7125,45.325,44.9375,44.55,44.1625,43.775,43.3875,43,42.28,41.56,40.84,40.12,39.4,38.26,37.12,35.98,34.84,33.7,33.7,33.7,33.7,33.7,33.7,33.7,33.7,33.7
"85","Gambia, The","Sub-Saharan Africa","Low income",48.5,48.5,48.5,48.5,48.5,48.5,48.5,48.5,48.5,48.5,48.5,48.5,48.5,48.5,48.5,48.5,48.5,48.5,48.5,48.5,48.5,48.5,48.5,48.5,48.5,48.5,48.5,48.5,48.5,48.5,48.5,48.5,48.5,48.5,48.5,48.5,48.5,48.5,48.5,48.26,48.02,47.78,47.54,47.3,46.7714285714286,46.2428571428571,45.7142857142857,45.1857142857143,44.6571428571429,44.1285714285714,43.6,42.06,40.52,38.98,37.44,35.9,35.9,35.9,35.9,35.9,35.9
"86","Guinea-Bissau","Sub-Saharan Africa","Low income",43.6,43.6,43.6,43.6,43.6,43.6,43.6,43.6,43.6,43.6,43.6,43.6,43.6,43.6,43.6,43.6,43.6,43.6,43.6,43.6,43.6,43.6,43.6,43.6,43.6,43.6,43.6,43.6,43.6,43.6,43.6,43.6,43.6,43.6,42.7111111111111,41.8222222222222,40.9333333333333,40.0444444444444,39.1555555555556,38.2666666666667,37.3777777777778,36.4888888888889,35.6,37.4875,39.375,41.2625,43.15,45.0375,46.925,48.8125,50.7,50.7,50.7,50.7,50.7,50.7,50.7,50.7,50.7,50.7,50.7
"87","Equatorial Guinea","Sub-Saharan Africa","Upper middle income",NA,NA,NA,NA,NA,NA,NA,NA,NA,NA,NA,NA,NA,NA,NA,NA,NA,NA,NA,NA,NA,NA,NA,NA,NA,NA,NA,NA,NA,NA,NA,NA,NA,NA,NA,NA,NA,NA,NA,NA,NA,NA,NA,NA,NA,NA,NA,NA,NA,NA,NA,NA,NA,NA,NA,NA,NA,NA,NA,NA,NA
"88","Greece","Europe & Central Asia","High income",37,37,37,37,37,37,37,37,37,37,37,37,37,37,37,37,37,37,37,37,37,37,37,37,37,37,37,37,37,37,37,37,37,37,37,37,36.44,35.88,35.32,34.76,34.2,33.7333333333333,33.2666666666667,32.8,33.6,34.6,35.1,34,33.6,33.6,34.1,34.8,36.3,36.1,35.8,36,35,34.4,34.4,34.4,34.4
"89","Grenada","Latin America & Caribbean","Upper middle income",NA,NA,NA,NA,NA,NA,NA,NA,NA,NA,NA,NA,NA,NA,NA,NA,NA,NA,NA,NA,NA,NA,NA,NA,NA,NA,NA,NA,NA,NA,NA,NA,NA,NA,NA,NA,NA,NA,NA,NA,NA,NA,NA,NA,NA,NA,NA,NA,NA,NA,NA,NA,NA,NA,NA,NA,NA,NA,NA,NA,NA
"90","Greenland","Europe & Central Asia","High income",NA,NA,NA,NA,NA,NA,NA,NA,NA,NA,NA,NA,NA,NA,NA,NA,NA,NA,NA,NA,NA,NA,NA,NA,NA,NA,NA,NA,NA,NA,NA,NA,NA,NA,NA,NA,NA,NA,NA,NA,NA,NA,NA,NA,NA,NA,NA,NA,NA,NA,NA,NA,NA,NA,NA,NA,NA,NA,NA,NA,NA
"91","Guatemala","Latin America & Caribbean","Upper middle income",58.3,58.3,58.3,58.3,58.3,58.3,58.3,58.3,58.3,58.3,58.3,58.3,58.3,58.3,58.3,58.3,58.3,58.3,58.3,58.3,58.3,58.3,58.3,58.3,58.3,58.3,58.3,58.7333333333333,59.1666666666667,59.6,59.1090909090909,58.6181818181818,58.1272727272727,57.6363636363636,57.1454545454545,56.6545454545455,56.1636363636364,55.6727272727273,55.1818181818182,54.6909090909091,54.2,54.2666666666667,54.3333333333333,54.4,54.4666666666667,54.5333333333333,54.6,53.8125,53.025,52.2375,51.45,50.6625,49.875,49.0875,48.3,48.3,48.3,48.3,48.3,48.3,48.3
"92","Guam","East Asia & Pacific","High income",NA,NA,NA,NA,NA,NA,NA,NA,NA,NA,NA,NA,NA,NA,NA,NA,NA,NA,NA,NA,NA,NA,NA,NA,NA,NA,NA,NA,NA,NA,NA,NA,NA,NA,NA,NA,NA,NA,NA,NA,NA,NA,NA,NA,NA,NA,NA,NA,NA,NA,NA,NA,NA,NA,NA,NA,NA,NA,NA,NA,NA
"93","Guyana","Latin America & Caribbean","Upper middle income",NA,NA,NA,NA,NA,NA,NA,NA,NA,NA,NA,NA,NA,NA,NA,NA,NA,NA,NA,NA,NA,NA,NA,NA,NA,NA,NA,NA,NA,NA,NA,NA,NA,NA,NA,NA,NA,NA,44.6,NA,NA,NA,NA,NA,NA,NA,NA,NA,NA,NA,NA,NA,NA,NA,NA,NA,NA,NA,NA,NA,NA
"94","High income","","",NA,NA,NA,NA,NA,NA,NA,NA,NA,NA,NA,NA,NA,NA,NA,NA,NA,NA,NA,NA,NA,NA,NA,NA,NA,NA,NA,NA,NA,NA,NA,NA,NA,NA,NA,NA,NA,NA,NA,NA,NA,NA,NA,NA,NA,NA,NA,NA,NA,NA,NA,NA,NA,NA,NA,NA,NA,NA,NA,NA,NA
"95","Hong Kong SAR, China","East Asia & Pacific","High income",NA,NA,NA,NA,NA,NA,NA,NA,NA,NA,NA,NA,NA,NA,NA,NA,NA,NA,NA,NA,NA,NA,NA,NA,NA,NA,NA,NA,NA,NA,NA,NA,NA,NA,NA,NA,NA,NA,NA,NA,NA,NA,NA,NA,NA,NA,NA,NA,NA,NA,NA,NA,NA,NA,NA,NA,NA,NA,NA,NA,NA
"96","Honduras","Latin America & Caribbean","Lower middle income",59.5,59.5,59.5,59.5,59.5,59.5,59.5,59.5,59.5,59.5,59.5,59.5,59.5,59.5,59.5,59.5,59.5,59.5,59.5,59.5,59.5,59.5,59.5,59.5,59.5,59.5,59.5,59.5,59.5,59.5,57.4,51.9,51.8,53.5,55,55.5,55.7,52.7,57.4,55.4,55.5,55.6,55.7,58.1,58.1,59.5,57.5,55.8,55.5,51.3,53.1,56.2,56.1,52.6,50.4,49.6,51.1,50.5,52.1,52.1,52.1
"97","Heavily indebted poor countries (HIPC)","","",NA,NA,NA,NA,NA,NA,NA,NA,NA,NA,NA,NA,NA,NA,NA,NA,NA,NA,NA,NA,NA,NA,NA,NA,NA,NA,NA,NA,NA,NA,NA,NA,NA,NA,NA,NA,NA,NA,NA,NA,NA,NA,NA,NA,NA,NA,NA,NA,NA,NA,NA,NA,NA,NA,NA,NA,NA,NA,NA,NA,NA
"98","Croatia","Europe & Central Asia","High income",32.6,32.6,32.6,32.6,32.6,32.6,32.6,32.6,32.6,32.6,32.6,32.6,32.6,32.6,32.6,32.6,32.6,32.6,32.6,32.6,32.6,32.6,32.6,32.6,32.6,32.6,32.6,32.6,32.6,32.6,32.6,32.6,32.6,32.6,32.6,32.6,32.6,32.6,32.6,32.6,32.6,32.6,32.6,32.6,32.6,32.6,32.6,32.6,32.6,32.6,32.4,32.3,32.5,32,32.1,31.1,30.9,30.4,30.4,30.4,30.4
"99","Haiti","Latin America & Caribbean","Low income",NA,NA,NA,NA,NA,NA,NA,NA,NA,NA,NA,NA,NA,NA,NA,NA,NA,NA,NA,NA,NA,NA,NA,NA,NA,NA,NA,NA,NA,NA,NA,NA,NA,NA,NA,NA,NA,NA,NA,NA,NA,NA,NA,NA,NA,NA,NA,NA,NA,NA,NA,NA,41.1,NA,NA,NA,NA,NA,NA,NA,NA
"100","Hungary","Europe & Central Asia","High income",29.9,29.9,29.9,29.9,29.9,29.9,29.9,29.9,29.9,29.9,29.9,29.9,29.9,29.9,29.9,29.9,29.9,29.9,29.9,29.9,29.9,29.9,29.9,29.9,29.9,29.9,29.9,29.9,29.9,29.9,29.9,29.9,29.9,29.9,29.9,29.9,29.9,29.9,29.9,29.9,29.9,29.9,29.9,29.9,29.9,34.7,28.3,27.9,27.5,27,29.4,29.2,30.8,31.5,30.9,30.4,30.3,30.6,30.6,30.6,30.6
"101","IBRD only","","",NA,NA,NA,NA,NA,NA,NA,NA,NA,NA,NA,NA,NA,NA,NA,NA,NA,NA,NA,NA,NA,NA,NA,NA,NA,NA,NA,NA,NA,NA,NA,NA,NA,NA,NA,NA,NA,NA,NA,NA,NA,NA,NA,NA,NA,NA,NA,NA,NA,NA,NA,NA,NA,NA,NA,NA,NA,NA,NA,NA,NA
"102","IDA & IBRD total","","",NA,NA,NA,NA,NA,NA,NA,NA,NA,NA,NA,NA,NA,NA,NA,NA,NA,NA,NA,NA,NA,NA,NA,NA,NA,NA,NA,NA,NA,NA,NA,NA,NA,NA,NA,NA,NA,NA,NA,NA,NA,NA,NA,NA,NA,NA,NA,NA,NA,NA,NA,NA,NA,NA,NA,NA,NA,NA,NA,NA,NA
"103","IDA total","","",NA,NA,NA,NA,NA,NA,NA,NA,NA,NA,NA,NA,NA,NA,NA,NA,NA,NA,NA,NA,NA,NA,NA,NA,NA,NA,NA,NA,NA,NA,NA,NA,NA,NA,NA,NA,NA,NA,NA,NA,NA,NA,NA,NA,NA,NA,NA,NA,NA,NA,NA,NA,NA,NA,NA,NA,NA,NA,NA,NA,NA
"104","IDA blend","","",NA,NA,NA,NA,NA,NA,NA,NA,NA,NA,NA,NA,NA,NA,NA,NA,NA,NA,NA,NA,NA,NA,NA,NA,NA,NA,NA,NA,NA,NA,NA,NA,NA,NA,NA,NA,NA,NA,NA,NA,NA,NA,NA,NA,NA,NA,NA,NA,NA,NA,NA,NA,NA,NA,NA,NA,NA,NA,NA,NA,NA
"105","Indonesia","East Asia & Pacific","Upper middle income",32.4,32.4,32.4,32.4,32.4,32.4,32.4,32.4,32.4,32.4,32.4,32.4,32.4,32.4,32.4,32.4,32.4,32.4,32.4,32.4,32.4,32.4,32.4,32.4,32.4,31.8,31.2,30.6,30.8,31,31.2,31.4666666666667,31.7333333333333,32,32.8333333333333,33.6666666666667,34.5,32.8,31.1,31.1,28.6,29,31.7,31.9,32.7,33,34.3,35.7,35.2,35.1,36.4,39.7,39.7,40,39.4,39.7,38.6,38.1,37.8,37.8,37.8
"106","IDA only","","",NA,NA,NA,NA,NA,NA,NA,NA,NA,NA,NA,NA,NA,NA,NA,NA,NA,NA,NA,NA,NA,NA,NA,NA,NA,NA,NA,NA,NA,NA,NA,NA,NA,NA,NA,NA,NA,NA,NA,NA,NA,NA,NA,NA,NA,NA,NA,NA,NA,NA,NA,NA,NA,NA,NA,NA,NA,NA,NA,NA,NA
"107","Isle of Man","Europe & Central Asia","High income",NA,NA,NA,NA,NA,NA,NA,NA,NA,NA,NA,NA,NA,NA,NA,NA,NA,NA,NA,NA,NA,NA,NA,NA,NA,NA,NA,NA,NA,NA,NA,NA,NA,NA,NA,NA,NA,NA,NA,NA,NA,NA,NA,NA,NA,NA,NA,NA,NA,NA,NA,NA,NA,NA,NA,NA,NA,NA,NA,NA,NA
"108","India","South Asia","Lower middle income",32.1,32.1,32.1,32.1,32.1,32.1,32.1,32.1,32.1,32.1,32.1,32.1,32.1,32.1,32.1,32.1,32.1,32.1,32.1,32.1,32.1,32.1,32.1,32.1,32.225,32.35,32.475,32.6,32.45,32.3,32.15,32,31.85,31.7,31.9454545454545,32.1909090909091,32.4363636363636,32.6818181818182,32.9272727272727,33.1727272727273,33.4181818181818,33.6636363636364,33.9090909090909,34.1545454545455,34.4,34.6,34.8,35,35.2,35.4,35.55,35.7,35.7,35.7,35.7,35.7,35.7,35.7,35.7,35.7,35.7
"109","Ireland","Europe & Central Asia","High income",35.5,35.5,35.5,35.5,35.5,35.5,35.5,35.5,35.5,35.5,35.5,35.5,35.5,35.5,35.5,35.5,35.5,35.5,35.5,35.5,35.5,35.5,35.5,35.5,35.5,35.5,35.5,35.5,35.7,35.9,36.1,36.3,36.5,36.7,36.9,37,35.6,34.95,34.3,33.65,33,32.9666666666667,32.9333333333333,32.9,33.6,33.8,32.7,31.9,30.9,32.7,32.3,32.9,33.2,33.5,31.9,31.8,32.8,32.8,32.8,32.8,32.8
"110","Iran, Islamic Rep.","Middle East & North Africa","Upper middle income",47.4,47.4,47.4,47.4,47.4,47.4,47.4,47.4,47.4,47.4,47.4,47.4,47.4,47.4,47.4,47.4,47.4,47.4,47.4,47.4,47.4,47.4,47.4,47.4,47.4,47.4,47.4,46.45,45.5,44.55,43.6,43.45,43.3,43.15,43,43.275,43.55,43.825,44.1,44.0285714285714,43.9571428571429,43.8857142857143,43.8142857142857,43.7428571428571,43.6714285714286,43.6,44.8,43.9,43,42.1,40.925,39.75,38.575,37.4,38.8,39.5,40,40.8,40.8,40.8,40.8
"111","Iraq","Middle East & North Africa","Upper middle income",28.6,28.6,28.6,28.6,28.6,28.6,28.6,28.6,28.6,28.6,28.6,28.6,28.6,28.6,28.6,28.6,28.6,28.6,28.6,28.6,28.6,28.6,28.6,28.6,28.6,28.6,28.6,28.6,28.6,28.6,28.6,28.6,28.6,28.6,28.6,28.6,28.6,28.6,28.6,28.6,28.6,28.6,28.6,28.6,28.6,28.6,28.6,28.75,28.9,29.05,29.2,29.35,29.5,29.5,29.5,29.5,29.5,29.5,29.5,29.5,29.5
"112","Iceland","Europe & Central Asia","High income",26.8,26.8,26.8,26.8,26.8,26.8,26.8,26.8,26.8,26.8,26.8,26.8,26.8,26.8,26.8,26.8,26.8,26.8,26.8,26.8,26.8,26.8,26.8,26.8,26.8,26.8,26.8,26.8,26.8,26.8,26.8,26.8,26.8,26.8,26.8,26.8,26.8,26.8,26.8,26.8,26.8,26.8,26.8,26.8,28,29,30.2,29.5,31.8,28.7,26.2,26.8,26.8,25.4,27.8,26.8,26.8,26.8,26.8,26.8,26.8
"113","Israel","Middle East & North Africa","High income",36.3,36.3,36.3,36.3,36.3,36.3,36.3,36.3,36.3,36.3,36.3,36.3,36.3,36.3,36.3,36.3,36.3,36.3,36.3,36.3,36.3285714285714,36.3571428571429,36.3857142857143,36.4142857142857,36.4428571428571,36.4714285714286,36.5,36.3333333333333,36.1666666666667,36,35.8333333333333,35.6666666666667,35.5,36.02,36.54,37.06,37.58,38.1,38.3,38.5,38.7,38.9,39.625,40.35,41.075,41.8,41.45,41.1,41.5666666666667,42.0333333333333,42.5,41.9,41.3,40.55,39.8,39.4,39,39,39,39,39
"114","Italy","Europe & Central Asia","High income",32.5,32.5,32.5,32.5,32.5,32.5,32.5,32.5,32.5,32.5,32.5,32.5,32.5,32.5,32.5,32.5,32.5,32.5,32.5,32.5,32.5,32.5,32.5,32.5,32.5,32.5,32.5,34.5,33.55,32.6,32.05,31.5,33.5,35.5,35.35,35.2,35.7,36.2,36.7,36,35.3,35.1666666666667,35.0333333333333,34.9,34.3,33.8,33.7,32.9,33.8,33.8,34.7,35.1,35.2,34.9,34.7,35.4,35.2,35.9,35.9,35.9,35.9
"115","Jamaica","Latin America & Caribbean","Upper middle income",43.2,43.2,43.2,43.2,43.2,43.2,43.2,43.2,43.2,43.2,43.2,43.2,43.2,43.2,43.2,43.2,43.2,43.2,43.2,43.2,43.2,43.2,43.2,43.2,43.2,43.2,43.2,43.2,43.2,42.15,41.1,39.3,37.5,35.7,37.2666666666667,38.8333333333333,40.4,41.6333333333333,42.8666666666667,44.1,45.5,46.9,48.3,46.9,45.5,45.5,45.5,45.5,45.5,45.5,45.5,45.5,45.5,45.5,45.5,45.5,45.5,45.5,45.5,45.5,45.5
"116","Jordan","Middle East & North Africa","Upper middle income",36.1,36.1,36.1,36.1,36.1,36.1,36.1,36.1,36.1,36.1,36.1,36.1,36.1,36.1,36.1,36.1,36.1,36.1,36.1,36.1,36.1,36.1,36.1,36.1,36.1,36.1,36.1,37.3166666666667,38.5333333333333,39.75,40.9666666666667,42.1833333333333,43.4,42,40.6,39.2,37.8,36.4,36.52,36.64,36.76,36.88,37,36.225,35.45,34.675,33.9,33.25,32.6,33.15,33.7,33.7,33.7,33.7,33.7,33.7,33.7,33.7,33.7,33.7,33.7
"117","Japan","East Asia & Pacific","High income",34.8,34.8,34.8,34.8,34.8,34.8,34.8,34.8,34.8,34.8,34.8,34.8,34.8,34.8,34.8,34.8,34.8,34.8,34.8,34.8,34.8,34.8,34.8,34.8,34.8,34.8,34.8,34.8,34.8,34.8,34.8,34.8,34.8,34.8,34.8,34.8,34.8,34.8,34.8,34.8,34.8,34.8,34.8,34.8,34.8,34.8,34.8,34.8,34.8,33.45,32.1,32.3666666666667,32.6333333333333,32.9,32.9,32.9,32.9,32.9,32.9,32.9,32.9
"118","Kazakhstan","Europe & Central Asia","Upper middle income",35.4,35.4,35.4,35.4,35.4,35.4,35.4,35.4,35.4,35.4,35.4,35.4,35.4,35.4,35.4,35.4,35.4,35.4,35.4,35.4,35.4,35.4,35.4,35.4,35.4,35.4,35.4,35.4,35.4,35.4,35.4,35.4,35.4,35.4,35.4,35.4,35.4,35.52,35.64,35.76,35.88,36,34.8,33.7,31.8,39.8,30.2,30.1,28.5,28.2,28,28,28.2,27.1,27,26.8,27.2,27.5,27.5,27.5,27.5
"119","Kenya","Sub-Saharan Africa","Lower middle income",57.5,57.5,57.5,57.5,57.5,57.5,57.5,57.5,57.5,57.5,57.5,57.5,57.5,57.5,57.5,57.5,57.5,57.5,57.5,57.5,57.5,57.5,57.5,57.5,57.5,57.5,57.5,57.5,57.5,57.5,57.5,57.5,57.5,50.3,43.1,43.7333333333333,44.3666666666667,45,45.1875,45.375,45.5625,45.75,45.9375,46.125,46.3125,46.5,45.93,45.36,44.79,44.22,43.65,43.08,42.51,41.94,41.37,40.8,40.8,40.8,40.8,40.8,40.8
"120","Kyrgyz Republic","Europe & Central Asia","Lower middle income",46.4,46.4,46.4,46.4,46.4,46.4,46.4,46.4,46.4,46.4,46.4,46.4,46.4,46.4,46.4,46.4,46.4,46.4,46.4,46.4,46.4,46.4,46.4,46.4,46.4,46.4,46.4,46.4,46.4,46.4,46.4,46.4,46.4,46.4,46.4,46.4,46.4,46.4,46.4,38.7,31,30.2,30.3,28.7,34.8,32.6,37.4,33.9,31.5,29.9,30.1,27.8,27.4,28.8,26.8,29,26.8,27.3,27.7,27.7,27.7
"121","Cambodia","East Asia & Pacific","Lower middle income",NA,NA,NA,NA,NA,NA,NA,NA,NA,NA,NA,NA,NA,NA,NA,NA,NA,NA,NA,NA,NA,NA,NA,NA,NA,NA,NA,NA,NA,NA,NA,NA,NA,NA,NA,NA,NA,NA,NA,NA,NA,NA,NA,NA,NA,NA,NA,NA,NA,NA,NA,NA,NA,NA,NA,NA,NA,NA,NA,NA,NA
"122","Kiribati","East Asia & Pacific","Lower middle income",NA,NA,NA,NA,NA,NA,NA,NA,NA,NA,NA,NA,NA,NA,NA,NA,NA,NA,NA,NA,NA,NA,NA,NA,NA,NA,NA,NA,NA,NA,NA,NA,NA,NA,NA,NA,NA,NA,NA,NA,NA,NA,NA,NA,NA,NA,37,NA,NA,NA,NA,NA,NA,NA,NA,NA,NA,NA,NA,NA,NA
"123","St. Kitts and Nevis","Latin America & Caribbean","High income",NA,NA,NA,NA,NA,NA,NA,NA,NA,NA,NA,NA,NA,NA,NA,NA,NA,NA,NA,NA,NA,NA,NA,NA,NA,NA,NA,NA,NA,NA,NA,NA,NA,NA,NA,NA,NA,NA,NA,NA,NA,NA,NA,NA,NA,NA,NA,NA,NA,NA,NA,NA,NA,NA,NA,NA,NA,NA,NA,NA,NA
"124","Korea, Rep.","East Asia & Pacific","High income",31.7,31.7,31.7,31.7,31.7,31.7,31.7,31.7,31.7,31.7,31.7,31.7,31.7,31.7,31.7,31.7,31.7,31.7,31.7,31.7,31.7,31.7,31.7,31.7,31.7,31.7,31.7,31.7,31.7,31.7,31.7,31.7,31.7,31.7,31.7,31.7,31.7,31.7,31.7,31.7,31.7,31.7,31.7,31.7,31.7,31.7,31.7,32,32.3,32.15,32,31.8,31.6,31.6,31.6,31.6,31.6,31.6,31.6,31.6,31.6
"125","Kuwait","Middle East & North Africa","High income",NA,NA,NA,NA,NA,NA,NA,NA,NA,NA,NA,NA,NA,NA,NA,NA,NA,NA,NA,NA,NA,NA,NA,NA,NA,NA,NA,NA,NA,NA,NA,NA,NA,NA,NA,NA,NA,NA,NA,NA,NA,NA,NA,NA,NA,NA,NA,NA,NA,NA,NA,NA,NA,NA,NA,NA,NA,NA,NA,NA,NA
"126","Latin America & Caribbean (excluding high income)","","",NA,NA,NA,NA,NA,NA,NA,NA,NA,NA,NA,NA,NA,NA,NA,NA,NA,NA,NA,NA,NA,NA,NA,NA,NA,NA,NA,NA,NA,NA,NA,NA,NA,NA,NA,NA,NA,NA,NA,NA,NA,NA,NA,NA,NA,NA,NA,NA,NA,NA,NA,NA,NA,NA,NA,NA,NA,NA,NA,NA,NA
"127","Lao PDR","East Asia & Pacific","Lower middle income",34.3,34.3,34.3,34.3,34.3,34.3,34.3,34.3,34.3,34.3,34.3,34.3,34.3,34.3,34.3,34.3,34.3,34.3,34.3,34.3,34.3,34.3,34.3,34.3,34.3,34.3,34.3,34.3,34.3,34.3,34.3,34.3,34.3,34.42,34.54,34.66,34.78,34.9,34.44,33.98,33.52,33.06,32.6,33.16,33.72,34.28,34.84,35.4,35.6,35.8,36,36.2,36.4,36.4,36.4,36.4,36.4,36.4,36.4,36.4,36.4
"128","Lebanon","Middle East & North Africa","Upper middle income",NA,NA,NA,NA,NA,NA,NA,NA,NA,NA,NA,NA,NA,NA,NA,NA,NA,NA,NA,NA,NA,NA,NA,NA,NA,NA,NA,NA,NA,NA,NA,NA,NA,NA,NA,NA,NA,NA,NA,NA,NA,NA,NA,NA,NA,NA,NA,NA,NA,NA,NA,31.8,NA,NA,NA,NA,NA,NA,NA,NA,NA
"129","Liberia","Sub-Saharan Africa","Low income",36.5,36.5,36.5,36.5,36.5,36.5,36.5,36.5,36.5,36.5,36.5,36.5,36.5,36.5,36.5,36.5,36.5,36.5,36.5,36.5,36.5,36.5,36.5,36.5,36.5,36.5,36.5,36.5,36.5,36.5,36.5,36.5,36.5,36.5,36.5,36.5,36.5,36.5,36.5,36.5,36.5,36.5,36.5,36.5,36.5,36.5,36.5,36.5,36.0285714285714,35.5571428571429,35.0857142857143,34.6142857142857,34.1428571428571,33.6714285714286,33.2,34.25,35.3,35.3,35.3,35.3,35.3
"130","Libya","Middle East & North Africa","Upper middle income",NA,NA,NA,NA,NA,NA,NA,NA,NA,NA,NA,NA,NA,NA,NA,NA,NA,NA,NA,NA,NA,NA,NA,NA,NA,NA,NA,NA,NA,NA,NA,NA,NA,NA,NA,NA,NA,NA,NA,NA,NA,NA,NA,NA,NA,NA,NA,NA,NA,NA,NA,NA,NA,NA,NA,NA,NA,NA,NA,NA,NA
"131","St. Lucia","Latin America & Caribbean","Upper middle income",42.6,42.6,42.6,42.6,42.6,42.6,42.6,42.6,42.6,42.6,42.6,42.6,42.6,42.6,42.6,42.6,42.6,42.6,42.6,42.6,42.6,42.6,42.6,42.6,42.6,42.6,42.6,42.6,42.6,42.6,42.6,42.6,42.6,42.6,42.6,42.6,43.0095238095238,43.4190476190476,43.8285714285714,44.2380952380952,44.6476190476191,45.0571428571429,45.4666666666667,45.8761904761905,46.2857142857143,46.6952380952381,47.1047619047619,47.5142857142857,47.9238095238095,48.3333333333333,48.7428571428571,49.152380952381,49.5619047619048,49.9714285714286,50.3809523809524,50.7904761904762,51.2,51.2,51.2,51.2,51.2
"132","Latin America & Caribbean","","",NA,NA,NA,NA,NA,NA,NA,NA,NA,NA,NA,NA,NA,NA,NA,NA,NA,NA,NA,NA,NA,NA,NA,NA,NA,NA,NA,NA,NA,NA,NA,NA,NA,NA,NA,NA,NA,NA,NA,NA,NA,NA,NA,NA,NA,NA,NA,NA,NA,NA,NA,NA,NA,NA,NA,NA,NA,NA,NA,NA,NA
"133","Least developed countries: UN classification","","",NA,NA,NA,NA,NA,NA,NA,NA,NA,NA,NA,NA,NA,NA,NA,NA,NA,NA,NA,NA,NA,NA,NA,NA,NA,NA,NA,NA,NA,NA,NA,NA,NA,NA,NA,NA,NA,NA,NA,NA,NA,NA,NA,NA,NA,NA,NA,NA,NA,NA,NA,NA,NA,NA,NA,NA,NA,NA,NA,NA,NA
"134","Low income","","",NA,NA,NA,NA,NA,NA,NA,NA,NA,NA,NA,NA,NA,NA,NA,NA,NA,NA,NA,NA,NA,NA,NA,NA,NA,NA,NA,NA,NA,NA,NA,NA,NA,NA,NA,NA,NA,NA,NA,NA,NA,NA,NA,NA,NA,NA,NA,NA,NA,NA,NA,NA,NA,NA,NA,NA,NA,NA,NA,NA,NA
"135","Liechtenstein","Europe & Central Asia","High income",NA,NA,NA,NA,NA,NA,NA,NA,NA,NA,NA,NA,NA,NA,NA,NA,NA,NA,NA,NA,NA,NA,NA,NA,NA,NA,NA,NA,NA,NA,NA,NA,NA,NA,NA,NA,NA,NA,NA,NA,NA,NA,NA,NA,NA,NA,NA,NA,NA,NA,NA,NA,NA,NA,NA,NA,NA,NA,NA,NA,NA
"136","Sri Lanka","South Asia","Lower middle income",32.5,32.5,32.5,32.5,32.5,32.5,32.5,32.5,32.5,32.5,32.5,32.5,32.5,32.5,32.5,32.5,32.5,32.5,32.5,32.5,32.5,32.5,32.5,32.5,32.5,32.5,32.48,32.46,32.44,32.42,32.4,33,33.6,34.2,34.8,35.4,36.2,37,37.8,38.6,39.4,40.2,41,40.825,40.65,40.475,40.3,39,37.7,36.4,37.3333333333333,38.2666666666667,39.2,39.35,39.5,39.65,39.8,39.8,39.8,39.8,39.8
"137","Lower middle income","","",NA,NA,NA,NA,NA,NA,NA,NA,NA,NA,NA,NA,NA,NA,NA,NA,NA,NA,NA,NA,NA,NA,NA,NA,NA,NA,NA,NA,NA,NA,NA,NA,NA,NA,NA,NA,NA,NA,NA,NA,NA,NA,NA,NA,NA,NA,NA,NA,NA,NA,NA,NA,NA,NA,NA,NA,NA,NA,NA,NA,NA
"138","Low & middle income","","",NA,NA,NA,NA,NA,NA,NA,NA,NA,NA,NA,NA,NA,NA,NA,NA,NA,NA,NA,NA,NA,NA,NA,NA,NA,NA,NA,NA,NA,NA,NA,NA,NA,NA,NA,NA,NA,NA,NA,NA,NA,NA,NA,NA,NA,NA,NA,NA,NA,NA,NA,NA,NA,NA,NA,NA,NA,NA,NA,NA,NA
"139","Lesotho","Sub-Saharan Africa","Lower middle income",56,56,56,56,56,56,56,56,56,56,56,56,56,56,56,56,56,56,56,56,56,56,56,56,56,56,56,56.9,57.8,58.7,59.6,60.5,61.4,62.3,63.2,61.75,60.3,58.85,57.4,55.95,54.5,53.05,51.6,51.1533333333333,50.7066666666667,50.26,49.8133333333333,49.3666666666667,48.92,48.4733333333333,48.0266666666667,47.58,47.1333333333333,46.6866666666667,46.24,45.7933333333333,45.3466666666667,44.9,44.9,44.9,44.9
"140","Late-demographic dividend","","",NA,NA,NA,NA,NA,NA,NA,NA,NA,NA,NA,NA,NA,NA,NA,NA,NA,NA,NA,NA,NA,NA,NA,NA,NA,NA,NA,NA,NA,NA,NA,NA,NA,NA,NA,NA,NA,NA,NA,NA,NA,NA,NA,NA,NA,NA,NA,NA,NA,NA,NA,NA,NA,NA,NA,NA,NA,NA,NA,NA,NA
"141","Lithuania","Europe & Central Asia","High income",37,37,37,37,37,37,37,37,37,37,37,37,37,37,37,37,37,37,37,37,37,37,37,37,37,37,37,37,37,37,37,37,37,37,37,37,37,37,37,37,37,37,37,37,37,35.3,34.4,34.8,35.7,37.2,33.6,32.5,35.1,35.3,37.7,37.4,38.4,37.3,37.3,37.3,37.3
"142","Luxembourg","Europe & Central Asia","High income",26.7,26.7,26.7,26.7,26.7,26.7,26.7,26.7,26.7,26.7,26.7,26.7,26.7,26.7,26.7,26.7,26.7,26.7,26.7,26.7,26.7,26.7,26.7,26.7,26.7,26.7,26.7166666666667,26.7333333333333,26.75,26.7666666666667,26.7833333333333,26.8,26.8333333333333,26.8666666666667,26.9,28,29.1,30.2,30.2666666666667,30.3333333333333,30.4,30.3333333333333,30.2666666666667,30.2,30.2,30.8,30.9,31.1,32.6,31.2,30.5,32.1,34.3,32,31.2,33.8,33,34.9,34.9,34.9,34.9
"143","Latvia","Europe & Central Asia","High income",36.4,36.4,36.4,36.4,36.4,36.4,36.4,36.4,36.4,36.4,36.4,36.4,36.4,36.4,36.4,36.4,36.4,36.4,36.4,36.4,36.4,36.4,36.4,36.4,36.4,36.4,36.4,36.4,36.4,36.4,36.4,36.4,36.4,36.4,36.4,36.4,36.4,36.4,36.4,36.4,36.4,36.4,36.4,36.4,36.4,39,35.6,37.5,37.2,36,35,35.8,35.2,35.5,35.1,34.2,34.3,35.6,35.6,35.6,35.6
"144","Macao SAR, China","East Asia & Pacific","High income",NA,NA,NA,NA,NA,NA,NA,NA,NA,NA,NA,NA,NA,NA,NA,NA,NA,NA,NA,NA,NA,NA,NA,NA,NA,NA,NA,NA,NA,NA,NA,NA,NA,NA,NA,NA,NA,NA,NA,NA,NA,NA,NA,NA,NA,NA,NA,NA,NA,NA,NA,NA,NA,NA,NA,NA,NA,NA,NA,NA,NA
"145","St. Martin (French part)","Latin America & Caribbean","High income",NA,NA,NA,NA,NA,NA,NA,NA,NA,NA,NA,NA,NA,NA,NA,NA,NA,NA,NA,NA,NA,NA,NA,NA,NA,NA,NA,NA,NA,NA,NA,NA,NA,NA,NA,NA,NA,NA,NA,NA,NA,NA,NA,NA,NA,NA,NA,NA,NA,NA,NA,NA,NA,NA,NA,NA,NA,NA,NA,NA,NA
"146","Morocco","Middle East & North Africa","Lower middle income",39.2,39.2,39.2,39.2,39.2,39.2,39.2,39.2,39.2,39.2,39.2,39.2,39.2,39.2,39.2,39.2,39.2,39.2,39.2,39.2,39.2,39.2,39.2,39.2,39.2,39.2,39.2,39.2,39.2,39.2,39.2,39.2375,39.275,39.3125,39.35,39.3875,39.425,39.4625,39.5,40.05,40.6,40.6166666666667,40.6333333333333,40.65,40.6666666666667,40.6833333333333,40.7,40.5285714285714,40.3571428571429,40.1857142857143,40.0142857142857,39.8428571428571,39.6714285714286,39.5,39.5,39.5,39.5,39.5,39.5,39.5,39.5
"147","Monaco","Europe & Central Asia","High income",NA,NA,NA,NA,NA,NA,NA,NA,NA,NA,NA,NA,NA,NA,NA,NA,NA,NA,NA,NA,NA,NA,NA,NA,NA,NA,NA,NA,NA,NA,NA,NA,NA,NA,NA,NA,NA,NA,NA,NA,NA,NA,NA,NA,NA,NA,NA,NA,NA,NA,NA,NA,NA,NA,NA,NA,NA,NA,NA,NA,NA
"148","Moldova","Europe & Central Asia","Lower middle income",36.9,36.9,36.9,36.9,36.9,36.9,36.9,36.9,36.9,36.9,36.9,36.9,36.9,36.9,36.9,36.9,36.9,36.9,36.9,36.9,36.9,36.9,36.9,36.9,36.9,36.9,36.9,36.9,36.9,36.9,36.9,36.9,36.9,36.9,36.9,36.9,36.9,36.9,39.5,42.6,36.4,38,35.8,34.9,35,36.3,35.4,34.4,34.7,32.9,32.1,30.6,29.2,28.5,26.8,27,26.3,25.9,25.7,25.7,25.7
"149","Madagascar","Sub-Saharan Africa","Low income",46.8,46.8,46.8,46.8,46.8,46.8,46.8,46.8,46.8,46.8,46.8,46.8,46.8,46.8,46.8,46.8,46.8,46.8,46.8,46.8,46.8,46.6846153846154,46.5692307692308,46.4538461538462,46.3384615384615,46.2230769230769,46.1076923076923,45.9923076923077,45.8769230769231,45.7615384615385,45.6461538461538,45.5307692307692,45.4153846153846,45.3,43.85,42.4,40.95,39.5,39.05,38.6,43,47.4,45.525,43.65,41.775,39.9,40.4,40.9,41.4,41.9,42.4,42.5,42.6,42.6,42.6,42.6,42.6,42.6,42.6,42.6,42.6
"150","Maldives","South Asia","Upper middle income",41.3,41.3,41.3,41.3,41.3,41.3,41.3,41.3,41.3,41.3,41.3,41.3,41.3,41.3,41.3,41.3,41.3,41.3,41.3,41.3,41.3,41.3,41.3,41.3,41.3,41.3,41.3,41.3,41.3,41.3,41.3,41.3,41.3,41.3,41.3,41.3,41.3,41.3,41.3,41.3,41.3,41.3,41.3,40.8857142857143,40.4714285714286,40.0571428571429,39.6428571428571,39.2285714285714,38.8142857142857,38.4,37.3857142857143,36.3714285714286,35.3571428571429,34.3428571428571,33.3285714285714,32.3142857142857,31.3,31.3,31.3,31.3,31.3
"151","Middle East & North Africa","","",NA,NA,NA,NA,NA,NA,NA,NA,NA,NA,NA,NA,NA,NA,NA,NA,NA,NA,NA,NA,NA,NA,NA,NA,NA,NA,NA,NA,NA,NA,NA,NA,NA,NA,NA,NA,NA,NA,NA,NA,NA,NA,NA,NA,NA,NA,NA,NA,NA,NA,NA,NA,NA,NA,NA,NA,NA,NA,NA,NA,NA
"152","Mexico","Latin America & Caribbean","Upper middle income",54.3,54.3,54.3,54.3,54.3,54.3,54.3,54.3,54.3,54.3,54.3,54.3,54.3,54.3,54.3,54.3,54.3,54.3,54.3,54.3,54.3,54.3,54.3,54.3,54.3,54.3,54.3,54.3,54.3,54.3,54.1,53.9,53.7,54,54.3,54.55,54.8,54.1,53.4,53,52.6,51.35,50.1,50.05,50,50.1,48.9,49.4,49.9,48.55,47.2,47.95,48.7,48.7,48.7,47.5,46.3,45.85,45.4,45.4,45.4
"153","Marshall Islands","East Asia & Pacific","Upper middle income",NA,NA,NA,NA,NA,NA,NA,NA,NA,NA,NA,NA,NA,NA,NA,NA,NA,NA,NA,NA,NA,NA,NA,NA,NA,NA,NA,NA,NA,NA,NA,NA,NA,NA,NA,NA,NA,NA,NA,NA,NA,NA,NA,NA,NA,NA,NA,NA,NA,NA,NA,NA,NA,NA,NA,NA,NA,NA,NA,NA,NA
"154","Middle income","","",NA,NA,NA,NA,NA,NA,NA,NA,NA,NA,NA,NA,NA,NA,NA,NA,NA,NA,NA,NA,NA,NA,NA,NA,NA,NA,NA,NA,NA,NA,NA,NA,NA,NA,NA,NA,NA,NA,NA,NA,NA,NA,NA,NA,NA,NA,NA,NA,NA,NA,NA,NA,NA,NA,NA,NA,NA,NA,NA,NA,NA
"155","North Macedonia","Europe & Central Asia","Upper middle income",42.8,42.8,42.8,42.8,42.8,42.8,42.8,42.8,42.8,42.8,42.8,42.8,42.8,42.8,42.8,42.8,42.8,42.8,42.8,42.8,42.8,42.8,42.8,42.8,42.8,42.8,42.8,42.8,42.8,42.8,42.8,42.8,42.8,42.8,42.8,42.8,42.8,42.8,42.8,42.8,42.8,42.8,42.8,42.8,42.8,42.8,42.8,42.8,42.8,42.8,40.2,39.4,38.1,36.2,35.2,35.6,34.5,34.2,34.2,34.2,34.2
"156","Mali","Sub-Saharan Africa","Low income",50.4,50.4,50.4,50.4,50.4,50.4,50.4,50.4,50.4,50.4,50.4,50.4,50.4,50.4,50.4,50.4,50.4,50.4,50.4,50.4,50.4,50.4,50.4,50.4,50.4,50.4,50.4,50.4,50.4,50.4,50.4,50.4,50.4,50.4,50.4,48.9,47.4,45.9,44.4,42.9,41.4,39.9,39.7,39.5,39.3,39.1,38.9,36.9333333333333,34.9666666666667,33,33,33,33,33,33,33,33,33,33,33,33
"157","Malta","Middle East & North Africa","High income",28,28,28,28,28,28,28,28,28,28,28,28,28,28,28,28,28,28,28,28,28,28,28,28,28,28,28,28,28,28,28,28,28,28,28,28,28,28,28,28,28,28,28,28,28,28,28,29.2,29,30.2,29,29.1,29.4,28.8,29,29.4,29.1,29.2,29.2,29.2,29.2
"158","Myanmar","East Asia & Pacific","Lower middle income",38.1,38.1,38.1,38.1,38.1,38.1,38.1,38.1,38.1,38.1,38.1,38.1,38.1,38.1,38.1,38.1,38.1,38.1,38.1,38.1,38.1,38.1,38.1,38.1,38.1,38.1,38.1,38.1,38.1,38.1,38.1,38.1,38.1,38.1,38.1,38.1,38.1,38.1,38.1,38.1,38.1,38.1,38.1,38.1,38.1,38.1,38.1,38.1,38.1,38.1,38.1,38.1,38.1,38.1,38.1,38.1,34.4,30.7,30.7,30.7,30.7
"159","Middle East & North Africa (excluding high income)","","",NA,NA,NA,NA,NA,NA,NA,NA,NA,NA,NA,NA,NA,NA,NA,NA,NA,NA,NA,NA,NA,NA,NA,NA,NA,NA,NA,NA,NA,NA,NA,NA,NA,NA,NA,NA,NA,NA,NA,NA,NA,NA,NA,NA,NA,NA,NA,NA,NA,NA,NA,NA,NA,NA,NA,NA,NA,NA,NA,NA,NA
"160","Montenegro","Europe & Central Asia","Upper middle income",41.2,41.2,41.2,41.2,41.2,41.2,41.2,41.2,41.2,41.2,41.2,41.2,41.2,41.2,41.2,41.2,41.2,41.2,41.2,41.2,41.2,41.2,41.2,41.2,41.2,41.2,41.2,41.2,41.2,41.2,41.2,41.2,41.2,41.2,41.2,41.2,41.2,41.2,41.2,41.2,41.2,41.2,41.2,41.2,41.2,41.2,41.2,41.2,41.2,41.2,41.2,41.2,41.2,39,38.8,39,39,39,39,39,39
"161","Mongolia","East Asia & Pacific","Lower middle income",33.2,33.2,33.2,33.2,33.2,33.2,33.2,33.2,33.2,33.2,33.2,33.2,33.2,33.2,33.2,33.2,33.2,33.2,33.2,33.2,33.2,33.2,33.2,33.2,33.2,33.2,33.2,33.2,33.2,33.2,33.2,33.2,33.2,33.2,33.2,33.2,32.2333333333333,31.2666666666667,30.3,30.95,31.6,32.25,32.9,33.48,34.06,34.64,35.22,35.8,34.9,34,33.1,33.9,33.8,32.9,32,32.15,32.3,32.5,32.7,32.7,32.7
"162","Northern Mariana Islands","East Asia & Pacific","High income",NA,NA,NA,NA,NA,NA,NA,NA,NA,NA,NA,NA,NA,NA,NA,NA,NA,NA,NA,NA,NA,NA,NA,NA,NA,NA,NA,NA,NA,NA,NA,NA,NA,NA,NA,NA,NA,NA,NA,NA,NA,NA,NA,NA,NA,NA,NA,NA,NA,NA,NA,NA,NA,NA,NA,NA,NA,NA,NA,NA,NA
"163","Mozambique","Sub-Saharan Africa","Low income",53.6,53.6,53.6,53.6,53.6,53.6,53.6,53.6,53.6,53.6,53.6,53.6,53.6,53.6,53.6,53.6,53.6,53.6,53.6,53.6,53.6,53.6,53.6,53.6,53.6,53.6,53.6,53.6,53.6,53.6,53.6,53.6,53.6,53.6,53.6,53.6,53.6,52.5,51.4,50.3,49.2,48.1,47,46.7666666666667,46.5333333333333,46.3,46.0666666666667,45.8333333333333,45.6,47,48.4,49.8,51.2,52.6,54,54,54,54,54,54,54
"164","Mauritania","Sub-Saharan Africa","Lower middle income",43.9,43.9,43.9,43.9,43.9,43.9,43.9,43.9,43.9,43.9,43.9,43.9,43.9,43.9,43.9,43.9,43.9,43.9,43.9,43.9,43.9,43.9,43.9,43.9,43.9,43.9,43.9,43.9,44.9333333333333,45.9666666666667,47,48.0333333333333,49.0666666666667,50.1,43.9,37.7,37.96,38.22,38.48,38.74,39,39.3,39.6,39.9,40.2,39.075,37.95,36.825,35.7,35.1833333333333,34.6666666666667,34.15,33.6333333333333,33.1166666666667,32.6,32.6,32.6,32.6,32.6,32.6,32.6
"165","Mauritius","Sub-Saharan Africa","High income",35.7,35.7,35.7,35.7,35.7,35.7,35.7,35.7,35.7,35.7,35.7,35.7,35.7,35.7,35.7,35.7,35.7,35.7,35.7,35.7,35.7,35.7,35.7,35.7,35.7,35.7,35.7,35.7,35.7,35.7,35.7,35.7,35.7,35.7,35.7,35.7,35.7,35.7,35.7,35.7,35.7,35.7,35.7,35.7,35.7,35.7,35.7,36.1666666666667,36.6333333333333,37.1,37.5666666666667,38.0333333333333,38.5,38.16,37.82,37.48,37.14,36.8,36.8,36.8,36.8
"166","Malawi","Sub-Saharan Africa","Low income",65.8,65.8,65.8,65.8,65.8,65.8,65.8,65.8,65.8,65.8,65.8,65.8,65.8,65.8,65.8,65.8,65.8,65.8,65.8,65.8,65.8,65.8,65.8,65.8,65.8,65.8,65.8,65.8,65.8,65.8,65.8,65.8,65.8,65.8,65.8,65.8,65.8,65.8,62.1,58.4,54.7,51,47.3,43.6,39.9,40.8333333333333,41.7666666666667,42.7,43.6333333333333,44.5666666666667,45.5,45.3666666666667,45.2333333333333,45.1,44.9666666666667,44.8333333333333,44.7,44.7,44.7,44.7,44.7
"167","Malaysia","East Asia & Pacific","Upper middle income",48.6,48.6,48.6,48.6,48.6,48.6,48.6,48.6,48.6,48.6,48.6,48.6,48.6,48.6,48.6,48.6,48.6,48.6,48.6,48.6,48.6,48.6,48.6,48.6,48.6,48.0666666666667,47.5333333333333,47,46.6,46.2,46.7,47.2,47.7,47.9666666666667,48.2333333333333,48.5,48.8,49.1,48.6714285714286,48.2428571428571,47.8142857142857,47.3857142857143,46.9571428571429,46.5285714285714,46.1,46.1,46.1,46.1,45.5,44.9666666666667,44.4333333333333,43.9,42.6,41.3,41.15,41,41,41,41,41,41
"168","North America","","",NA,NA,NA,NA,NA,NA,NA,NA,NA,NA,NA,NA,NA,NA,NA,NA,NA,NA,NA,NA,NA,NA,NA,NA,NA,NA,NA,NA,NA,NA,NA,NA,NA,NA,NA,NA,NA,NA,NA,NA,NA,NA,NA,NA,NA,NA,NA,NA,NA,NA,NA,NA,NA,NA,NA,NA,NA,NA,NA,NA,NA
"169","Namibia","Sub-Saharan Africa","Upper middle income",63.3,63.3,63.3,63.3,63.3,63.3,63.3,63.3,63.3,63.3,63.3,63.3,63.3,63.3,63.3,63.3,63.3,63.3,63.3,63.3,63.3,63.3,63.3,63.3,63.3,63.3,63.3,63.3,63.3,63.3,63.3,63.3,63.3,63.3,63.3,63.3,63.3,63.3,63.3,63.3,63.3,63.3,63.3,63.3,62.9166666666667,62.5333333333333,62.15,61.7666666666667,61.3833333333333,61,60.6833333333333,60.3666666666667,60.05,59.7333333333333,59.4166666666667,59.1,59.1,59.1,59.1,59.1,59.1
"170","New Caledonia","East Asia & Pacific","High income",NA,NA,NA,NA,NA,NA,NA,NA,NA,NA,NA,NA,NA,NA,NA,NA,NA,NA,NA,NA,NA,NA,NA,NA,NA,NA,NA,NA,NA,NA,NA,NA,NA,NA,NA,NA,NA,NA,NA,NA,NA,NA,NA,NA,NA,NA,NA,NA,NA,NA,NA,NA,NA,NA,NA,NA,NA,NA,NA,NA,NA
"171","Niger","Sub-Saharan Africa","Low income",36.1,36.1,36.1,36.1,36.1,36.1,36.1,36.1,36.1,36.1,36.1,36.1,36.1,36.1,36.1,36.1,36.1,36.1,36.1,36.1,36.1,36.1,36.1,36.1,36.1,36.1,36.1,36.1,36.1,36.1,36.1,36.1,36.1,38.8,41.5,41.7636363636364,42.0272727272727,42.2909090909091,42.5545454545455,42.8181818181818,43.0818181818182,43.3454545454545,43.6090909090909,43.8727272727273,44.1363636363636,44.4,40.85,37.3,35.85,34.4,32.95,31.5,32.4333333333333,33.3666666666667,34.3,34.3,34.3,34.3,34.3,34.3,34.3
"172","Nigeria","Sub-Saharan Africa","Lower middle income",38.7,38.7,38.7,38.7,38.7,38.7,38.7,38.7,38.7,38.7,38.7,38.7,38.7,38.7,38.7,38.7,38.7,38.7,38.7,38.7,38.7,38.7,38.7,38.7,38.7,38.7,39.6,40.5,41.4,42.3,43.2,44.1,45,46.725,48.45,50.175,51.9,50.2142857142857,48.5285714285714,46.8428571428571,45.1571428571429,43.4714285714286,41.7857142857143,40.1,40.5833333333333,41.0666666666667,41.55,42.0333333333333,42.5166666666667,43,42.1222222222222,41.2444444444444,40.3666666666667,39.4888888888889,38.6111111111111,37.7333333333333,36.8555555555556,35.9777777777778,35.1,35.1,35.1
"173","Nicaragua","Latin America & Caribbean","Lower middle income",57.4,57.4,57.4,57.4,57.4,57.4,57.4,57.4,57.4,57.4,57.4,57.4,57.4,57.4,57.4,57.4,57.4,57.4,57.4,57.4,57.4,57.4,57.4,57.4,57.4,57.4,57.4,57.4,57.4,57.4,57.4,57.4,57.4,57.4,56.8,56.2,55.6,55,54.4,53.9,53.4,52.9,51.875,50.85,49.825,48.8,47.575,46.35,45.125,43.9,44.36,44.82,45.28,45.74,46.2,46.2,46.2,46.2,46.2,46.2,46.2
"174","Netherlands","Europe & Central Asia","High income",28.4,28.4,28.4,28.4,28.4,28.4,28.4,28.4,28.4,28.4,28.4,28.4,28.4,28.4,28.4,28.4,28.4,28.4,28.4,28.4,28.4,28.4,28.4,28.4,28,27.6,27.2,26.8,28.2333333333333,29.6666666666667,31.1,30.8666666666667,30.6333333333333,30.4,30.0166666666667,29.6333333333333,29.25,28.8666666666667,28.4833333333333,28.1,28.44,28.78,29.12,29.46,29.8,29,30,29.6,29.3,27.9,27.8,27.8,27.6,28.1,28.6,28.2,28.2,28.5,28.5,28.5,28.5
"175","Norway","Europe & Central Asia","High income",26.9,26.9,26.9,26.9,26.9,26.9,26.9,26.9,26.9,26.9,26.9,26.9,26.9,26.9,26.9,26.9,26.9,26.9,26.9,26.9,26.5714285714286,26.2428571428571,25.9142857142857,25.5857142857143,25.2571428571429,24.9285714285714,24.6,24.72,24.84,24.96,25.08,25.2,25.4,25.6,25.8,26,26.28,26.56,26.84,27.12,27.4,27.4666666666667,27.5333333333333,27.6,31.6,30.6,26.4,27.1,27,26.2,25.7,25.3,25.7,26.4,26.8,27.5,28.5,27,27,27,27
"176","Nepal","South Asia","Lower middle income",35.2,35.2,35.2,35.2,35.2,35.2,35.2,35.2,35.2,35.2,35.2,35.2,35.2,35.2,35.2,35.2,35.2,35.2,35.2,35.2,35.2,35.2,35.2,35.2,35.2,35.2,35.2,35.2,35.2,35.2,35.2,35.2,35.2,35.2,35.2,35.2,36.275,37.35,38.425,39.5,40.575,41.65,42.725,43.8,42.2285714285714,40.6571428571429,39.0857142857143,37.5142857142857,35.9428571428571,34.3714285714286,32.8,32.8,32.8,32.8,32.8,32.8,32.8,32.8,32.8,32.8,32.8
"177","Nauru","East Asia & Pacific","High income",NA,NA,NA,NA,NA,NA,NA,NA,NA,NA,NA,NA,NA,NA,NA,NA,NA,NA,NA,NA,NA,NA,NA,NA,NA,NA,NA,NA,NA,NA,NA,NA,NA,NA,NA,NA,NA,NA,NA,NA,NA,NA,NA,NA,NA,NA,NA,NA,NA,NA,NA,NA,NA,NA,NA,NA,NA,NA,NA,NA,NA
"178","New Zealand","East Asia & Pacific","High income",NA,NA,NA,NA,NA,NA,NA,NA,NA,NA,NA,NA,NA,NA,NA,NA,NA,NA,NA,NA,NA,NA,NA,NA,NA,NA,NA,NA,NA,NA,NA,NA,NA,NA,NA,NA,NA,NA,NA,NA,NA,NA,NA,NA,NA,NA,NA,NA,NA,NA,NA,NA,NA,NA,NA,NA,NA,NA,NA,NA,NA
"179","OECD members","","",NA,NA,NA,NA,NA,NA,NA,NA,NA,NA,NA,NA,NA,NA,NA,NA,NA,NA,NA,NA,NA,NA,NA,NA,NA,NA,NA,NA,NA,NA,NA,NA,NA,NA,NA,NA,NA,NA,NA,NA,NA,NA,NA,NA,NA,NA,NA,NA,NA,NA,NA,NA,NA,NA,NA,NA,NA,NA,NA,NA,NA
"180","Oman","Middle East & North Africa","High income",NA,NA,NA,NA,NA,NA,NA,NA,NA,NA,NA,NA,NA,NA,NA,NA,NA,NA,NA,NA,NA,NA,NA,NA,NA,NA,NA,NA,NA,NA,NA,NA,NA,NA,NA,NA,NA,NA,NA,NA,NA,NA,NA,NA,NA,NA,NA,NA,NA,NA,NA,NA,NA,NA,NA,NA,NA,NA,NA,NA,NA
"181","Other small states","","",NA,NA,NA,NA,NA,NA,NA,NA,NA,NA,NA,NA,NA,NA,NA,NA,NA,NA,NA,NA,NA,NA,NA,NA,NA,NA,NA,NA,NA,NA,NA,NA,NA,NA,NA,NA,NA,NA,NA,NA,NA,NA,NA,NA,NA,NA,NA,NA,NA,NA,NA,NA,NA,NA,NA,NA,NA,NA,NA,NA,NA
"182","Pakistan","South Asia","Lower middle income",33.3,33.3,33.3,33.3,33.3,33.3,33.3,33.3,33.3,33.3,33.3,33.3,33.3,33.3,33.3,33.3,33.3,33.3,33.3,33.3,33.3,33.3,33.3,33.3,33.3,33.3,33.3,33.3,33.2666666666667,33.2333333333333,33.2,32.45,31.7,30.95,30.2,29.45,28.7,30.9,33.1,32.2,31.3,30.4,31.1,31.8,32.5,32.7,32.15,31.6,31,30.4,29.8,30.9,30.8,30.7,32.1,33.5,33.5,33.5,33.5,33.5,33.5
"183","Panama","Latin America & Caribbean","High income",48.7,48.7,48.7,48.7,48.7,48.7,48.7,48.7,48.7,48.7,48.7,48.7,48.7,48.7,48.7,48.7,48.7,48.7,48.7,48.7,49.72,50.74,51.76,52.78,53.8,54.82,55.84,56.86,57.88,58.9,58.55,58.2,58.1,58,57.9,57.8,58,58.2,57.5,56.5,56.8,56.9,56.2,55.8,54.8,53.8,54.6,52.7,52.7,51.8,51.6,51.3,51.7,51.5,50.5,50.8,50.4,49.9,49.2,49.2,49.2
"184","Peru","Latin America & Caribbean","Upper middle income",53.7,53.7,53.7,53.7,53.7,53.7,53.7,53.7,53.7,53.7,53.7,53.7,53.7,53.7,53.7,53.7,53.7,53.7,53.7,53.7,53.7,53.7,53.7,53.7,53.7,53.7,53.7,53.7,53.7,53.7,53.7,53.7,53.7,53.7,53.7,53.7,53.7,53.7,56.1,56.3,49.1,51.3,53.6,53.1,49.9,50.4,50.3,50,47.5,47,45.5,44.7,44.4,43.9,43.2,43.4,43.6,43.3,42.8,42.8,42.8
"185","Philippines","East Asia & Pacific","Lower middle income",47.7,47.7,47.7,47.7,47.7,47.7,47.7,47.7,47.7,47.7,47.7,47.7,47.7,47.7,47.7,47.7,47.7,47.7,47.7,47.7,47.7,47.7,47.7,47.7,47.7,47.7,47.7,47.7,47.7,47.7,47.7,47.7,47.7,47.7,47.7,47.7,47.7,47.7,47.7,47.7,47.7,47.3333333333333,46.9666666666667,46.6,46.8,47,47.2,46.9,46.6,46.3,46.3666666666667,46.4333333333333,46.5,45.8,45.1,44.4,44.4,44.4,44.4,44.4,44.4
"186","Palau","East Asia & Pacific","High income",NA,NA,NA,NA,NA,NA,NA,NA,NA,NA,NA,NA,NA,NA,NA,NA,NA,NA,NA,NA,NA,NA,NA,NA,NA,NA,NA,NA,NA,NA,NA,NA,NA,NA,NA,NA,NA,NA,NA,NA,NA,NA,NA,NA,NA,NA,NA,NA,NA,NA,NA,NA,NA,NA,NA,NA,NA,NA,NA,NA,NA
"187","Papua New Guinea","East Asia & Pacific","Lower middle income",45.8,45.8,45.8,45.8,45.8,45.8,45.8,45.8,45.8,45.8,45.8,45.8,45.8,45.8,45.8,45.8,45.8,45.8,45.8,45.8,45.8,45.8,45.8,45.8,45.8,45.8,45.8,45.8,45.8,45.8,45.8,45.8,45.8,45.8,45.8,45.8,45.8,45.5,45.2,44.9,44.6,44.3,44,43.7,43.4,43.1,42.8,42.5,42.2,41.9,41.9,41.9,41.9,41.9,41.9,41.9,41.9,41.9,41.9,41.9,41.9
"188","Poland","Europe & Central Asia","High income",38,38,38,38,38,38,38,38,38,38,38,38,38,38,38,38,38,38,38,38,38,38,38,38,38,38,38,38,38,38,38,38,38,38,38,38,38,38,38,38,38,38,38,38,38,35.8,34.7,34,33.5,33.4,33.2,33.2,33,33.1,32.8,31.8,31.2,29.7,29.7,29.7,29.7
"189","Pre-demographic dividend","","",NA,NA,NA,NA,NA,NA,NA,NA,NA,NA,NA,NA,NA,NA,NA,NA,NA,NA,NA,NA,NA,NA,NA,NA,NA,NA,NA,NA,NA,NA,NA,NA,NA,NA,NA,NA,NA,NA,NA,NA,NA,NA,NA,NA,NA,NA,NA,NA,NA,NA,NA,NA,NA,NA,NA,NA,NA,NA,NA,NA,NA
"190","Puerto Rico","Latin America & Caribbean","High income",NA,NA,NA,NA,NA,NA,NA,NA,NA,NA,NA,NA,NA,NA,NA,NA,NA,NA,NA,NA,NA,NA,NA,NA,NA,NA,NA,NA,NA,NA,NA,NA,NA,NA,NA,NA,NA,NA,NA,NA,NA,NA,NA,NA,NA,NA,NA,NA,NA,NA,NA,NA,NA,NA,NA,NA,NA,NA,NA,NA,NA
"191","Korea, Dem. People's Rep.","East Asia & Pacific","Low income",NA,NA,NA,NA,NA,NA,NA,NA,NA,NA,NA,NA,NA,NA,NA,NA,NA,NA,NA,NA,NA,NA,NA,NA,NA,NA,NA,NA,NA,NA,NA,NA,NA,NA,NA,NA,NA,NA,NA,NA,NA,NA,NA,NA,NA,NA,NA,NA,NA,NA,NA,NA,NA,NA,NA,NA,NA,NA,NA,NA,NA
"192","Portugal","Europe & Central Asia","High income",38.7,38.7,38.7,38.7,38.7,38.7,38.7,38.7,38.7,38.7,38.7,38.7,38.7,38.7,38.7,38.7,38.7,38.7,38.7,38.7,38.7,38.7,38.7,38.7,38.7,38.7,38.7,38.7,38.7,38.7,38.7,38.7,38.7,38.7,38.7,38.7,38.7,38.7,38.7,38.7,38.7,38.7,38.7,38.7,38.9,38.5,38.1,36.8,36.6,34.9,35.8,36.3,36,36.2,35.6,35.5,35.2,33.8,33.8,33.8,33.8
"193","Paraguay","Latin America & Caribbean","Upper middle income",40.8,40.8,40.8,40.8,40.8,40.8,40.8,40.8,40.8,40.8,40.8,40.8,40.8,40.8,40.8,40.8,40.8,40.8,40.8,40.8,40.8,40.8,40.8,40.8,40.8,40.8,40.8,40.8,40.8,40.8,40.8,44.28,47.76,51.24,54.72,58.2,56.55,54.9,54.75,54.6,54.6,54.6,57.3,54.9,52.3,51.4,53,53,50.7,49.1,51,52.3,47.6,47.9,50.7,47.6,47.9,48.8,46.2,46.2,46.2
"194","West Bank and Gaza","Middle East & North Africa","Lower middle income",34,34,34,34,34,34,34,34,34,34,34,34,34,34,34,34,34,34,34,34,34,34,34,34,34,34,34,34,34,34,34,34,34,34,34,34,34,34,34,34,34,34,34,34,34,34.7,34,35.6,35.05,34.5,35.3,34.4,34.26,34.12,33.98,33.84,33.7,33.7,33.7,33.7,33.7
"195","Pacific island small states","","",NA,NA,NA,NA,NA,NA,NA,NA,NA,NA,NA,NA,NA,NA,NA,NA,NA,NA,NA,NA,NA,NA,NA,NA,NA,NA,NA,NA,NA,NA,NA,NA,NA,NA,NA,NA,NA,NA,NA,NA,NA,NA,NA,NA,NA,NA,NA,NA,NA,NA,NA,NA,NA,NA,NA,NA,NA,NA,NA,NA,NA
"196","Post-demographic dividend","","",NA,NA,NA,NA,NA,NA,NA,NA,NA,NA,NA,NA,NA,NA,NA,NA,NA,NA,NA,NA,NA,NA,NA,NA,NA,NA,NA,NA,NA,NA,NA,NA,NA,NA,NA,NA,NA,NA,NA,NA,NA,NA,NA,NA,NA,NA,NA,NA,NA,NA,NA,NA,NA,NA,NA,NA,NA,NA,NA,NA,NA
"197","French Polynesia","East Asia & Pacific","High income",NA,NA,NA,NA,NA,NA,NA,NA,NA,NA,NA,NA,NA,NA,NA,NA,NA,NA,NA,NA,NA,NA,NA,NA,NA,NA,NA,NA,NA,NA,NA,NA,NA,NA,NA,NA,NA,NA,NA,NA,NA,NA,NA,NA,NA,NA,NA,NA,NA,NA,NA,NA,NA,NA,NA,NA,NA,NA,NA,NA,NA
"198","Qatar","Middle East & North Africa","High income",NA,NA,NA,NA,NA,NA,NA,NA,NA,NA,NA,NA,NA,NA,NA,NA,NA,NA,NA,NA,NA,NA,NA,NA,NA,NA,NA,NA,NA,NA,NA,NA,NA,NA,NA,NA,NA,NA,NA,NA,NA,NA,NA,NA,NA,NA,NA,NA,NA,NA,NA,NA,NA,NA,NA,NA,NA,NA,NA,NA,NA
"199","Romania","Europe & Central Asia","High income",39.6,39.6,39.6,39.6,39.6,39.6,39.6,39.6,39.6,39.6,39.6,39.6,39.6,39.6,39.6,39.6,39.6,39.6,39.6,39.6,39.6,39.6,39.6,39.6,39.6,39.6,39.6,39.6,39.6,39.6,39.6,39.6,39.6,39.6,39.6,39.6,39.6,39.6,39.6,39.6,39.6,39.6,39.6,39.6,39.6,39.6,39.6,37.5,36.4,35.6,35.5,35.9,36.5,36.9,36,35.9,34.4,36,36,36,36
"200","Russian Federation","Europe & Central Asia","Upper middle income",48.4,48.4,48.4,48.4,48.4,48.4,48.4,48.4,48.4,48.4,48.4,48.4,48.4,48.4,48.4,48.4,48.4,48.4,48.4,48.4,48.4,48.4,48.4,48.4,48.4,48.4,48.4,48.4,48.4,48.4,48.4,48.4,48.4,48.4,47.6333333333333,46.8666666666667,46.1,38.4,38.1,37.4,37.1,36.9,37.3,40,40.3,41.3,41,42.3,41.6,39.8,39.5,39.7,40.7,40.9,39.9,37.7,36.8,37.2,37.5,37.5,37.5
"201","Rwanda","Sub-Saharan Africa","Low income",48.5,48.5,48.5,48.5,48.5,48.5,48.5,48.5,48.5,48.5,48.5,48.5,48.5,48.5,48.5,48.5,48.5,48.5,48.5,48.5,48.5,48.5,48.5,48.5,48.5,48.5,48.5,48.5,48.5,48.5,48.5,48.5,48.5,48.5,48.5,48.5,48.5,48.5,48.5,48.5,48.5,49.2,49.9,50.6,51.3,52,51.04,50.08,49.12,48.16,47.2,46.5,45.8,45.1,44.6333333333333,44.1666666666667,43.7,43.7,43.7,43.7,43.7
"202","South Asia","","",NA,NA,NA,NA,NA,NA,NA,NA,NA,NA,NA,NA,NA,NA,NA,NA,NA,NA,NA,NA,NA,NA,NA,NA,NA,NA,NA,NA,NA,NA,NA,NA,NA,NA,NA,NA,NA,NA,NA,NA,NA,NA,NA,NA,NA,NA,NA,NA,NA,NA,NA,NA,NA,NA,NA,NA,NA,NA,NA,NA,NA
"203","Saudi Arabia","Middle East & North Africa","High income",NA,NA,NA,NA,NA,NA,NA,NA,NA,NA,NA,NA,NA,NA,NA,NA,NA,NA,NA,NA,NA,NA,NA,NA,NA,NA,NA,NA,NA,NA,NA,NA,NA,NA,NA,NA,NA,NA,NA,NA,NA,NA,NA,NA,NA,NA,NA,NA,NA,NA,NA,NA,NA,NA,NA,NA,NA,NA,NA,NA,NA
"204","Sudan","Sub-Saharan Africa","Low income",35.4,35.4,35.4,35.4,35.4,35.4,35.4,35.4,35.4,35.4,35.4,35.4,35.4,35.4,35.4,35.4,35.4,35.4,35.4,35.4,35.4,35.4,35.4,35.4,35.4,35.4,35.4,35.4,35.4,35.4,35.4,35.4,35.4,35.4,35.4,35.4,35.4,35.4,35.4,35.4,35.4,35.4,35.4,35.4,35.4,35.4,35.4,35.4,35.4,35.4,35.16,34.92,34.68,34.44,34.2,34.2,34.2,34.2,34.2,34.2,34.2
"205","Senegal","Sub-Saharan Africa","Lower middle income",54.1,54.1,54.1,54.1,54.1,54.1,54.1,54.1,54.1,54.1,54.1,54.1,54.1,54.1,54.1,54.1,54.1,54.1,54.1,54.1,54.1,54.1,54.1,54.1,54.1,54.1,54.1,54.1,54.1,54.1,54.1,54.1,49.8666666666667,45.6333333333333,41.4,41.3714285714286,41.3428571428571,41.3142857142857,41.2857142857143,41.2571428571429,41.2285714285714,41.2,40.7,40.2,39.7,39.2,39.3833333333333,39.5666666666667,39.75,39.9333333333333,40.1166666666667,40.3,40.3,40.3,40.3,40.3,40.3,40.3,40.3,40.3,40.3
"206","Singapore","East Asia & Pacific","High income",NA,NA,NA,NA,NA,NA,NA,NA,NA,NA,NA,NA,NA,NA,NA,NA,NA,NA,NA,NA,NA,NA,NA,NA,NA,NA,NA,NA,NA,NA,NA,NA,NA,NA,NA,NA,NA,NA,NA,NA,NA,NA,NA,NA,NA,NA,NA,NA,NA,NA,NA,NA,NA,NA,NA,NA,NA,NA,NA,NA,NA
"207","Solomon Islands","East Asia & Pacific","Lower middle income",46.1,46.1,46.1,46.1,46.1,46.1,46.1,46.1,46.1,46.1,46.1,46.1,46.1,46.1,46.1,46.1,46.1,46.1,46.1,46.1,46.1,46.1,46.1,46.1,46.1,46.1,46.1,46.1,46.1,46.1,46.1,46.1,46.1,46.1,46.1,46.1,46.1,46.1,46.1,46.1,46.1,46.1,46.1,46.1,46.1,46.1,44.975,43.85,42.725,41.6,40.475,39.35,38.225,37.1,37.1,37.1,37.1,37.1,37.1,37.1,37.1
"208","Sierra Leone","Sub-Saharan Africa","Low income",40.2,40.2,40.2,40.2,40.2,40.2,40.2,40.2,40.2,40.2,40.2,40.2,40.2,40.2,40.2,40.2,40.2,40.2,40.2,40.2,40.2,40.2,40.2,40.2,40.2,40.2,40.2,40.2,40.2,40.2,40.2,40.2,40.2,40.2,40.2,40.2,40.2,40.2,40.2,40.2,40.2,40.2,40.2,40.2,39.425,38.65,37.875,37.1,36.325,35.55,34.775,34,34.2428571428571,34.4857142857143,34.7285714285714,34.9714285714286,35.2142857142857,35.4571428571429,35.7,35.7,35.7
"209","El Salvador","Latin America & Caribbean","Lower middle income",54,54,54,54,54,54,54,54,54,54,54,54,54,54,54,54,54,54,54,54,54,54,54,54,54,54,54,54,54,54,54,54,52.975,51.95,50.925,49.9,51,52.75,54.5,52.2,51.5,51.4,51.9,50.4,47.8,48.5,45.7,45.2,46.9,45.8,43.5,42.3,41.8,43.4,41.6,40.6,40,38,38.6,38.6,38.6
"210","San Marino","Europe & Central Asia","High income",NA,NA,NA,NA,NA,NA,NA,NA,NA,NA,NA,NA,NA,NA,NA,NA,NA,NA,NA,NA,NA,NA,NA,NA,NA,NA,NA,NA,NA,NA,NA,NA,NA,NA,NA,NA,NA,NA,NA,NA,NA,NA,NA,NA,NA,NA,NA,NA,NA,NA,NA,NA,NA,NA,NA,NA,NA,NA,NA,NA,NA
"211","Somalia","Sub-Saharan Africa","Low income",NA,NA,NA,NA,NA,NA,NA,NA,NA,NA,NA,NA,NA,NA,NA,NA,NA,NA,NA,NA,NA,NA,NA,NA,NA,NA,NA,NA,NA,NA,NA,NA,NA,NA,NA,NA,NA,NA,NA,NA,NA,NA,NA,NA,NA,NA,NA,NA,NA,NA,NA,NA,NA,NA,NA,NA,NA,NA,NA,NA,NA
"212","Serbia","Europe & Central Asia","Upper middle income",39.9,39.9,39.9,39.9,39.9,39.9,39.9,39.9,39.9,39.9,39.9,39.9,39.9,39.9,39.9,39.9,39.9,39.9,39.9,39.9,39.9,39.9,39.9,39.9,39.9,39.9,39.9,39.9,39.9,39.9,39.9,39.9,39.9,39.9,39.9,39.9,39.9,39.9,39.9,39.9,39.9,39.9,39.9,39.9,39.9,39.9,39.9,39.9,39.9,39.9,39.9,39.9,39.9,39.5,40.5,40.5,38.8,36.2,36.2,36.2,36.2
"213","Sub-Saharan Africa (excluding high income)","","",NA,NA,NA,NA,NA,NA,NA,NA,NA,NA,NA,NA,NA,NA,NA,NA,NA,NA,NA,NA,NA,NA,NA,NA,NA,NA,NA,NA,NA,NA,NA,NA,NA,NA,NA,NA,NA,NA,NA,NA,NA,NA,NA,NA,NA,NA,NA,NA,NA,NA,NA,NA,NA,NA,NA,NA,NA,NA,NA,NA,NA
"214","South Sudan","Sub-Saharan Africa","Low income",NA,NA,NA,NA,NA,NA,NA,NA,NA,NA,NA,NA,NA,NA,NA,NA,NA,NA,NA,NA,NA,NA,NA,NA,NA,NA,NA,NA,NA,NA,NA,NA,NA,NA,NA,NA,NA,NA,NA,NA,NA,NA,NA,NA,NA,NA,NA,NA,NA,46.3,NA,NA,NA,NA,NA,NA,NA,NA,NA,NA,NA
"215","Sub-Saharan Africa","","",NA,NA,NA,NA,NA,NA,NA,NA,NA,NA,NA,NA,NA,NA,NA,NA,NA,NA,NA,NA,NA,NA,NA,NA,NA,NA,NA,NA,NA,NA,NA,NA,NA,NA,NA,NA,NA,NA,NA,NA,NA,NA,NA,NA,NA,NA,NA,NA,NA,NA,NA,NA,NA,NA,NA,NA,NA,NA,NA,NA,NA
"216","Small states","","",NA,NA,NA,NA,NA,NA,NA,NA,NA,NA,NA,NA,NA,NA,NA,NA,NA,NA,NA,NA,NA,NA,NA,NA,NA,NA,NA,NA,NA,NA,NA,NA,NA,NA,NA,NA,NA,NA,NA,NA,NA,NA,NA,NA,NA,NA,NA,NA,NA,NA,NA,NA,NA,NA,NA,NA,NA,NA,NA,NA,NA
"217","São Tomé and Principe","Sub-Saharan Africa","Lower middle income",NA,NA,NA,NA,NA,NA,NA,NA,NA,NA,NA,NA,NA,NA,NA,NA,NA,NA,NA,NA,NA,NA,NA,NA,NA,NA,NA,NA,NA,NA,NA,NA,NA,NA,NA,NA,NA,NA,NA,NA,NA,NA,NA,NA,NA,NA,NA,NA,NA,NA,NA,NA,NA,NA,NA,NA,NA,NA,NA,NA,NA
"218","Suriname","Latin America & Caribbean","Upper middle income",NA,NA,NA,NA,NA,NA,NA,NA,NA,NA,NA,NA,NA,NA,NA,NA,NA,NA,NA,NA,NA,NA,NA,NA,NA,NA,NA,NA,NA,NA,NA,NA,NA,NA,NA,NA,NA,NA,NA,57.6,NA,NA,NA,NA,NA,NA,NA,NA,NA,NA,NA,NA,NA,NA,NA,NA,NA,NA,NA,NA,NA
"219","Slovak Republic","Europe & Central Asia","High income",27.1,27.1,27.1,27.1,27.1,27.1,27.1,27.1,27.1,27.1,27.1,27.1,27.1,27.1,27.1,27.1,27.1,27.1,27.1,27.1,27.1,27.1,27.1,27.1,27.1,27.1,27.1,27.1,27.1,27.1,27.1,27.1,27.1,27.1,27.1,27.1,27.1,27.1,27.1,27.1,27.1,27.1,27.1,27.1,27.1,29.3,25.8,24.7,26,27.2,27.3,26.5,26.1,28.1,26.1,26.5,25.2,25.2,25.2,25.2,25.2
"220","Slovenia","Europe & Central Asia","High income",24.8,24.8,24.8,24.8,24.8,24.8,24.8,24.8,24.8,24.8,24.8,24.8,24.8,24.8,24.8,24.8,24.8,24.8,24.8,24.8,24.8,24.8,24.8,24.8,24.8,24.8,24.8,24.8,24.8,24.8,24.8,24.8,24.8,24.8,24.8,24.8,24.8,24.8,24.8,24.8,24.8,24.8,24.8,24.8,24.8,24.6,24.4,24.4,23.7,24.8,24.9,24.9,25.6,26.2,25.7,25.4,24.8,24.2,24.2,24.2,24.2
"221","Sweden","Europe & Central Asia","High income",34,34,34,34,34,34,34,34,32.7875,31.575,30.3625,29.15,27.9375,26.725,25.5125,24.3,24.0666666666667,23.8333333333333,23.6,23.3666666666667,23.1333333333333,22.9,22.9333333333333,22.9666666666667,23,23.0333333333333,23.0666666666667,23.1,23.46,23.82,24.18,24.54,24.9,25,25.1,25.2,25.6,26,26.4,26.8,27.2,26.5666666666667,25.9333333333333,25.3,26.1,26.8,26.4,27.1,28.1,27.3,27.7,27.6,27.6,28.8,28.4,29.2,29.6,28.8,28.8,28.8,28.8
"222","Eswatini","Sub-Saharan Africa","Lower middle income",60.5,60.5,60.5,60.5,60.5,60.5,60.5,60.5,60.5,60.5,60.5,60.5,60.5,60.5,60.5,60.5,60.5,60.5,60.5,60.5,60.5,60.5,60.5,60.5,60.5,60.5,60.5,60.5,60.5,60.5,60.5,60.5,60.5,60.5,60.5,59.2666666666667,58.0333333333333,56.8,55.5666666666667,54.3333333333333,53.1,52.9222222222222,52.7444444444444,52.5666666666667,52.3888888888889,52.2111111111111,52.0333333333333,51.8555555555556,51.6777777777778,51.5,51.9428571428571,52.3857142857143,52.8285714285714,53.2714285714286,53.7142857142857,54.1571428571429,54.6,54.6,54.6,54.6,54.6
"223","Sint Maarten (Dutch part)","Latin America & Caribbean","High income",NA,NA,NA,NA,NA,NA,NA,NA,NA,NA,NA,NA,NA,NA,NA,NA,NA,NA,NA,NA,NA,NA,NA,NA,NA,NA,NA,NA,NA,NA,NA,NA,NA,NA,NA,NA,NA,NA,NA,NA,NA,NA,NA,NA,NA,NA,NA,NA,NA,NA,NA,NA,NA,NA,NA,NA,NA,NA,NA,NA,NA
"224","Seychelles","Sub-Saharan Africa","High income",NA,NA,NA,NA,NA,NA,NA,NA,NA,NA,NA,NA,NA,NA,NA,NA,NA,NA,NA,NA,NA,NA,NA,NA,NA,NA,NA,NA,NA,NA,NA,NA,NA,NA,NA,NA,NA,NA,NA,NA,NA,NA,NA,NA,NA,NA,NA,NA,NA,NA,NA,NA,NA,46.8,NA,NA,NA,NA,NA,NA,NA
"225","Syrian Arab Republic","Middle East & North Africa","Low income",NA,NA,NA,NA,NA,NA,NA,NA,NA,NA,NA,NA,NA,NA,NA,NA,NA,NA,NA,NA,NA,NA,NA,NA,NA,NA,NA,NA,NA,NA,NA,NA,NA,NA,NA,NA,NA,NA,NA,NA,NA,NA,NA,NA,35.8,NA,NA,NA,NA,NA,NA,NA,NA,NA,NA,NA,NA,NA,NA,NA,NA
"226","Turks and Caicos Islands","Latin America & Caribbean","High income",NA,NA,NA,NA,NA,NA,NA,NA,NA,NA,NA,NA,NA,NA,NA,NA,NA,NA,NA,NA,NA,NA,NA,NA,NA,NA,NA,NA,NA,NA,NA,NA,NA,NA,NA,NA,NA,NA,NA,NA,NA,NA,NA,NA,NA,NA,NA,NA,NA,NA,NA,NA,NA,NA,NA,NA,NA,NA,NA,NA,NA
"227","Chad","Sub-Saharan Africa","Low income",39.8,39.8,39.8,39.8,39.8,39.8,39.8,39.8,39.8,39.8,39.8,39.8,39.8,39.8,39.8,39.8,39.8,39.8,39.8,39.8,39.8,39.8,39.8,39.8,39.8,39.8,39.8,39.8,39.8,39.8,39.8,39.8,39.8,39.8,39.8,39.8,39.8,39.8,39.8,39.8,39.8,39.8,39.8,39.8,40.2375,40.675,41.1125,41.55,41.9875,42.425,42.8625,43.3,43.3,43.3,43.3,43.3,43.3,43.3,43.3,43.3,43.3
"228","East Asia & Pacific (IDA & IBRD)","","",NA,NA,NA,NA,NA,NA,NA,NA,NA,NA,NA,NA,NA,NA,NA,NA,NA,NA,NA,NA,NA,NA,NA,NA,NA,NA,NA,NA,NA,NA,NA,NA,NA,NA,NA,NA,NA,NA,NA,NA,NA,NA,NA,NA,NA,NA,NA,NA,NA,NA,NA,NA,NA,NA,NA,NA,NA,NA,NA,NA,NA
"229","Europe & Central Asia (IDA & IBRD)","","",NA,NA,NA,NA,NA,NA,NA,NA,NA,NA,NA,NA,NA,NA,NA,NA,NA,NA,NA,NA,NA,NA,NA,NA,NA,NA,NA,NA,NA,NA,NA,NA,NA,NA,NA,NA,NA,NA,NA,NA,NA,NA,NA,NA,NA,NA,NA,NA,NA,NA,NA,NA,NA,NA,NA,NA,NA,NA,NA,NA,NA
"230","Togo","Sub-Saharan Africa","Low income",42.2,42.2,42.2,42.2,42.2,42.2,42.2,42.2,42.2,42.2,42.2,42.2,42.2,42.2,42.2,42.2,42.2,42.2,42.2,42.2,42.2,42.2,42.2,42.2,42.2,42.2,42.2,42.2,42.2,42.2,42.2,42.2,42.2,42.2,42.2,42.2,42.2,42.2,42.2,42.2,42.2,42.2,42.2,42.2,42.2,42.2,42.2,42.96,43.72,44.48,45.24,46,45.275,44.55,43.825,43.1,43.1,43.1,43.1,43.1,43.1
"231","Thailand","East Asia & Pacific","Upper middle income",45.2,45.2,45.2,45.2,45.2,45.2,45.2,45.2,45.2,45.2,45.2,45.2,45.2,45.2,45.2,45.2,45.2,45.2,45.2,45.2,45.2,45.2,45,44.8,44.6,44.4,44.2,44,43.8,44.55,45.3,46.6,47.9,45.7,43.5,43.2,42.9,42.2,41.5,43.1,42.8,42.35,41.9,42.2,42.5,42.15,41.8,39.8,40.3,39.6,39.4,37.5,39.3,37.8,37,36,36.9,36.5,36.4,36.4,36.4
"232","Tajikistan","Europe & Central Asia","Low income",29.5,29.5,29.5,29.5,29.5,29.5,29.5,29.5,29.5,29.5,29.5,29.5,29.5,29.5,29.5,29.5,29.5,29.5,29.5,29.5,29.5,29.5,29.5,29.5,29.5,29.5,29.5,29.5,29.5,29.5,29.5,29.5,29.5,29.5,29.5,29.5,29.5,29.5,29.5,29.5,30.3,31.1,31.9,32.7,33.6,33.1333333333333,32.6666666666667,32.2,31.5,30.8,31.3333333333333,31.8666666666667,32.4,32.9333333333333,33.4666666666667,34,34,34,34,34,34
"233","Turkmenistan","Europe & Central Asia","Upper middle income",NA,NA,NA,NA,NA,NA,NA,NA,NA,NA,NA,NA,NA,NA,NA,NA,NA,NA,NA,NA,NA,NA,NA,NA,NA,NA,NA,NA,NA,NA,NA,NA,NA,NA,NA,NA,NA,NA,40.8,NA,NA,NA,NA,NA,NA,NA,NA,NA,NA,NA,NA,NA,NA,NA,NA,NA,NA,NA,NA,NA,NA
"234","Latin America & Caribbean (IDA & IBRD)","","",NA,NA,NA,NA,NA,NA,NA,NA,NA,NA,NA,NA,NA,NA,NA,NA,NA,NA,NA,NA,NA,NA,NA,NA,NA,NA,NA,NA,NA,NA,NA,NA,NA,NA,NA,NA,NA,NA,NA,NA,NA,NA,NA,NA,NA,NA,NA,NA,NA,NA,NA,NA,NA,NA,NA,NA,NA,NA,NA,NA,NA
"235","Timor-Leste","East Asia & Pacific","Lower middle income",35.9,35.9,35.9,35.9,35.9,35.9,35.9,35.9,35.9,35.9,35.9,35.9,35.9,35.9,35.9,35.9,35.9,35.9,35.9,35.9,35.9,35.9,35.9,35.9,35.9,35.9,35.9,35.9,35.9,35.9,35.9,35.9,35.9,35.9,35.9,35.9,35.9,35.9,35.9,35.9,35.9,35.9,34.55,33.2,31.85,30.5,29.15,27.8,27.9285714285714,28.0571428571429,28.1857142857143,28.3142857142857,28.4428571428571,28.5714285714286,28.7,28.7,28.7,28.7,28.7,28.7,28.7
"236","Middle East & North Africa (IDA & IBRD)","","",NA,NA,NA,NA,NA,NA,NA,NA,NA,NA,NA,NA,NA,NA,NA,NA,NA,NA,NA,NA,NA,NA,NA,NA,NA,NA,NA,NA,NA,NA,NA,NA,NA,NA,NA,NA,NA,NA,NA,NA,NA,NA,NA,NA,NA,NA,NA,NA,NA,NA,NA,NA,NA,NA,NA,NA,NA,NA,NA,NA,NA
"237","Tonga","East Asia & Pacific","Upper middle income",37.7,37.7,37.7,37.7,37.7,37.7,37.7,37.7,37.7,37.7,37.7,37.7,37.7,37.7,37.7,37.7,37.7,37.7,37.7,37.7,37.7,37.7,37.7,37.7,37.7,37.7,37.7,37.7,37.7,37.7,37.7,37.7,37.7,37.7,37.7,37.7,37.7,37.7,37.7,37.7,37.7,37.7,37.675,37.65,37.625,37.6,37.575,37.55,37.525,37.5,37.5166666666667,37.5333333333333,37.55,37.5666666666667,37.5833333333333,37.6,37.6,37.6,37.6,37.6,37.6
"238","South Asia (IDA & IBRD)","","",NA,NA,NA,NA,NA,NA,NA,NA,NA,NA,NA,NA,NA,NA,NA,NA,NA,NA,NA,NA,NA,NA,NA,NA,NA,NA,NA,NA,NA,NA,NA,NA,NA,NA,NA,NA,NA,NA,NA,NA,NA,NA,NA,NA,NA,NA,NA,NA,NA,NA,NA,NA,NA,NA,NA,NA,NA,NA,NA,NA,NA
"239","Sub-Saharan Africa (IDA & IBRD)","","",NA,NA,NA,NA,NA,NA,NA,NA,NA,NA,NA,NA,NA,NA,NA,NA,NA,NA,NA,NA,NA,NA,NA,NA,NA,NA,NA,NA,NA,NA,NA,NA,NA,NA,NA,NA,NA,NA,NA,NA,NA,NA,NA,NA,NA,NA,NA,NA,NA,NA,NA,NA,NA,NA,NA,NA,NA,NA,NA,NA,NA
"240","Trinidad and Tobago","Latin America & Caribbean","High income",42.6,42.6,42.6,42.6,42.6,42.6,42.6,42.6,42.6,42.6,42.6,42.6,42.6,42.6,42.6,42.6,42.6,42.6,42.6,42.6,42.6,42.6,42.6,42.6,42.6,42.6,42.6,42.6,42.6,42.025,41.45,40.875,40.3,40.3,40.3,40.3,40.3,40.3,40.3,40.3,40.3,40.3,40.3,40.3,40.3,40.3,40.3,40.3,40.3,40.3,40.3,40.3,40.3,40.3,40.3,40.3,40.3,40.3,40.3,40.3,40.3
"241","Tunisia","Middle East & North Africa","Lower middle income",43.4,43.4,43.4,43.4,43.4,43.4,43.4,43.4,43.4,43.4,43.4,43.4,43.4,43.4,43.4,43.4,43.4,43.4,43.4,43.4,43.4,43.4,43.4,43.4,43.4,43.4,42.76,42.12,41.48,40.84,40.2,40.5,40.8,41.1,41.4,41.7,41.52,41.34,41.16,40.98,40.8,40.18,39.56,38.94,38.32,37.7,37.32,36.94,36.56,36.18,35.8,35.2,34.6,34,33.4,32.8,32.8,32.8,32.8,32.8,32.8
"242","Turkey","Europe & Central Asia","Upper middle income",43.5,43.5,43.5,43.5,43.5,43.5,43.5,43.5,43.5,43.5,43.5,43.5,43.5,43.5,43.5,43.5,43.5,43.5,43.5,43.5,43.5,43.5,43.5,43.5,43.5,43.5,43.5,43.5,43.1857142857143,42.8714285714286,42.5571428571429,42.2428571428571,41.9285714285714,41.6142857142857,41.3,41.3125,41.325,41.3375,41.35,41.3625,41.375,41.3875,41.4,42.2,41.3,42.6,39.6,38.4,39,39,38.8,40,40.2,40.2,41.2,42.9,41.9,41.4,41.9,41.9,41.9
"243","Tuvalu","East Asia & Pacific","Upper middle income",NA,NA,NA,NA,NA,NA,NA,NA,NA,NA,NA,NA,NA,NA,NA,NA,NA,NA,NA,NA,NA,NA,NA,NA,NA,NA,NA,NA,NA,NA,NA,NA,NA,NA,NA,NA,NA,NA,NA,NA,NA,NA,NA,NA,NA,NA,NA,NA,NA,NA,39.1,NA,NA,NA,NA,NA,NA,NA,NA,NA,NA
"244","Tanzania","Sub-Saharan Africa","Lower middle income",35.3,35.3,35.3,35.3,35.3,35.3,35.3,35.3,35.3,35.3,35.3,35.3,35.3,35.3,35.3,35.3,35.3,35.3,35.3,35.3,35.3,35.3,35.3,35.3,35.3,35.3,35.3,35.3,35.3,35.3,35.3,35.3,35.5222222222222,35.7444444444444,35.9666666666667,36.1888888888889,36.4111111111111,36.6333333333333,36.8555555555556,37.0777777777778,37.3,37.7285714285714,38.1571428571429,38.5857142857143,39.0142857142857,39.4428571428571,39.8714285714286,40.3,39.675,39.05,38.425,37.8,38.25,38.7,39.15,39.6,40.05,40.5,40.5,40.5,40.5
"245","Uganda","Sub-Saharan Africa","Low income",44.4,44.4,44.4,44.4,44.4,44.4,44.4,44.4,44.4,44.4,44.4,44.4,44.4,44.4,44.4,44.4,44.4,44.4,44.4,44.4,44.4,44.4,44.4,44.4,44.4,44.4,44.4,44.4,44.4,44.4,43.4,42.4,41.4,40.8,40.2,39.6,39,40.3333333333333,41.6666666666667,43,43.7333333333333,44.4666666666667,45.2,44.4333333333333,43.6666666666667,42.9,43.225,43.55,43.875,44.2,43.1333333333333,42.0666666666667,41,41.45,41.9,42.35,42.8,42.8,42.8,42.8,42.8
"246","Ukraine","Europe & Central Asia","Lower middle income",29.7,29.7,29.7,29.7,29.7,29.7,29.7,29.7,29.7,29.7,29.7,29.7,29.7,29.7,29.7,29.7,29.7,29.7,29.7,29.7,29.7,29.7,29.7,29.7,29.7,29.7,29.7,29.7,29.7,29.7,29.7,29.7,29.7,28.9,34.1,39.3,35.2,34.1666666666667,33.1333333333333,32.1,31.0666666666667,30.0333333333333,29,28.7,28.9,29,29.8,27,26.6,25.3,24.8,24.6,24.7,24.6,24,25.5,25,26,26.1,26.1,26.1
"247","Upper middle income","","",NA,NA,NA,NA,NA,NA,NA,NA,NA,NA,NA,NA,NA,NA,NA,NA,NA,NA,NA,NA,NA,NA,NA,NA,NA,NA,NA,NA,NA,NA,NA,NA,NA,NA,NA,NA,NA,NA,NA,NA,NA,NA,NA,NA,NA,NA,NA,NA,NA,NA,NA,NA,NA,NA,NA,NA,NA,NA,NA,NA,NA
"248","Uruguay","Latin America & Caribbean","High income",40.2,40.2,40.2,40.2,40.2,40.2,40.2,40.2,40.2,40.2,40.2,40.2,40.2,40.2,40.2,40.2,40.2,40.2,40.2,40.2,40.2,40.2,40.2,40.2,40.2,40.2,40.2,40.2,40.2,40.2,40.2,40.2,40.2,40.8333333333333,41.4666666666667,42.1,42.7,42.7,43.8,43.4,43,44.9,45.5,45,45.8,44.7,45.9,46.4,45.1,45.5,44.5,42.1,39.9,40.4,40.1,40.1,39.7,39.5,39.7,39.7,39.7
"249","United States","North America","High income",35.3,35.3,35.3,35.3,35.3,35.3,35.3,35.3,35.3,35.3,35.3,35.3,35.3,35.3,35.3,35.14,34.98,34.82,34.66,34.5,34.9142857142857,35.3285714285714,35.7428571428571,36.1571428571429,36.5714285714286,36.9857142857143,37.4,37.52,37.64,37.76,37.88,38,38.6666666666667,39.3333333333333,40,40.1666666666667,40.3333333333333,40.5,40.3666666666667,40.2333333333333,40.1,40.15,40.2,40.25,40.3,40.4666666666667,40.6333333333333,40.8,40.5333333333333,40.2666666666667,40,40.2333333333333,40.4666666666667,40.7,40.8333333333333,40.9666666666667,41.1,41.1,41.1,41.1,41.1
"250","Uzbekistan","Europe & Central Asia","Lower middle income",44.7,44.7,44.7,44.7,44.7,44.7,44.7,44.7,44.7,44.7,44.7,44.7,44.7,44.7,44.7,44.7,44.7,44.7,44.7,44.7,44.7,44.7,44.7,44.7,44.7,44.7,44.7,44.7,44.7,44.7,44.7,44.7,44.7,44.7,44.7,44.7,44.7,44.7,44.7,40.4,36.1,34.55,33,35.3,35.3,35.3,35.3,35.3,35.3,35.3,35.3,35.3,35.3,35.3,35.3,35.3,35.3,35.3,35.3,35.3,35.3
"251","St. Vincent and the Grenadines","Latin America & Caribbean","Upper middle income",NA,NA,NA,NA,NA,NA,NA,NA,NA,NA,NA,NA,NA,NA,NA,NA,NA,NA,NA,NA,NA,NA,NA,NA,NA,NA,NA,NA,NA,NA,NA,NA,NA,NA,NA,NA,NA,NA,NA,NA,NA,NA,NA,NA,NA,NA,NA,NA,NA,NA,NA,NA,NA,NA,NA,NA,NA,NA,NA,NA,NA
"252","Venezuela, RB","Latin America & Caribbean","Upper middle income",55.6,55.6,55.6,55.6,55.6,55.6,55.6,55.6,55.6,55.6,55.6,55.6,55.6,55.6,55.6,55.6,55.6,55.6,55.6,55.6,55.6,55.6,55.2333333333333,54.8666666666667,54.5,54.1333333333333,53.7666666666667,53.4,49.35,45.3,44.3666666666667,43.4333333333333,42.5,44.2666666666667,46.0333333333333,47.8,48.4666666666667,49.1333333333333,49.8,48.3,48.25,48.2,50.6,50.4,49.8,52.4,46.9,46.9,46.9,46.9,46.9,46.9,46.9,46.9,46.9,46.9,46.9,46.9,46.9,46.9,46.9
"253","British Virgin Islands","Latin America & Caribbean","High income",NA,NA,NA,NA,NA,NA,NA,NA,NA,NA,NA,NA,NA,NA,NA,NA,NA,NA,NA,NA,NA,NA,NA,NA,NA,NA,NA,NA,NA,NA,NA,NA,NA,NA,NA,NA,NA,NA,NA,NA,NA,NA,NA,NA,NA,NA,NA,NA,NA,NA,NA,NA,NA,NA,NA,NA,NA,NA,NA,NA,NA
"254","Virgin Islands (U.S.)","Latin America & Caribbean","High income",NA,NA,NA,NA,NA,NA,NA,NA,NA,NA,NA,NA,NA,NA,NA,NA,NA,NA,NA,NA,NA,NA,NA,NA,NA,NA,NA,NA,NA,NA,NA,NA,NA,NA,NA,NA,NA,NA,NA,NA,NA,NA,NA,NA,NA,NA,NA,NA,NA,NA,NA,NA,NA,NA,NA,NA,NA,NA,NA,NA,NA
"255","Vietnam","East Asia & Pacific","Lower middle income",35.7,35.7,35.7,35.7,35.7,35.7,35.7,35.7,35.7,35.7,35.7,35.7,35.7,35.7,35.7,35.7,35.7,35.7,35.7,35.7,35.7,35.7,35.7,35.7,35.7,35.7,35.7,35.7,35.7,35.7,35.7,35.7,35.7,35.65,35.6,35.55,35.5,35.45,35.4,35.8,36.2,36.6,37,36.9,36.8,36.3,35.8,35.7,35.6,37.45,39.3,37.45,35.6,35.2,34.8,35.05,35.3,35.5,35.7,35.7,35.7
"256","Vanuatu","East Asia & Pacific","Lower middle income",NA,NA,NA,NA,NA,NA,NA,NA,NA,NA,NA,NA,NA,NA,NA,NA,NA,NA,NA,NA,NA,NA,NA,NA,NA,NA,NA,NA,NA,NA,NA,NA,NA,NA,NA,NA,NA,NA,NA,NA,NA,NA,NA,NA,NA,NA,NA,NA,NA,NA,37.6,NA,NA,NA,NA,NA,NA,NA,NA,NA,NA
"257","World","","",NA,NA,NA,NA,NA,NA,NA,NA,NA,NA,NA,NA,NA,NA,NA,NA,NA,NA,NA,NA,NA,NA,NA,NA,NA,NA,NA,NA,NA,NA,NA,NA,NA,NA,NA,NA,NA,NA,NA,NA,NA,NA,NA,NA,NA,NA,NA,NA,NA,NA,NA,NA,NA,NA,NA,NA,NA,NA,NA,NA,NA
"258","Samoa","East Asia & Pacific","Upper middle income",40.7,40.7,40.7,40.7,40.7,40.7,40.7,40.7,40.7,40.7,40.7,40.7,40.7,40.7,40.7,40.7,40.7,40.7,40.7,40.7,40.7,40.7,40.7,40.7,40.7,40.7,40.7,40.7,40.7,40.7,40.7,40.7,40.7,40.7,40.7,40.7,40.7,40.7,40.7,40.7,40.7,40.7,40.7,40.9166666666667,41.1333333333333,41.35,41.5666666666667,41.7833333333333,42,41.34,40.68,40.02,39.36,38.7,38.7,38.7,38.7,38.7,38.7,38.7,38.7
"259","Kosovo","Europe & Central Asia","Upper middle income",29,29,29,29,29,29,29,29,29,29,29,29,29,29,29,29,29,29,29,29,29,29,29,29,29,29,29,29,29,29,29,29,29,29,29,29,29,29,29,29,29,29,29,29,30.1,31.2,30.3,30.8,31.3,31.8,33.3,27.8,29,26.3,27.3,26.5,26.7,29,29,29,29
"260","Yemen, Rep.","Middle East & North Africa","Low income",35,35,35,35,35,35,35,35,35,35,35,35,35,35,35,35,35,35,35,35,35,35,35,35,35,35,35,35,35,35,35,35,35,35,35,35,35,35,35,34.9571428571429,34.9142857142857,34.8714285714286,34.8285714285714,34.7857142857143,34.7428571428571,34.7,34.9222222222222,35.1444444444444,35.3666666666667,35.5888888888889,35.8111111111111,36.0333333333333,36.2555555555556,36.4777777777778,36.7,36.7,36.7,36.7,36.7,36.7,36.7
"261","South Africa","Sub-Saharan Africa","Upper middle income",59.3,59.3,59.3,59.3,59.3,59.3,59.3,59.3,59.3,59.3,59.3,59.3,59.3,59.3,59.3,59.3,59.3,59.3,59.3,59.3,59.3,59.3,59.3,59.3,59.3,59.3,59.3,59.3,59.3,59.3,59.3,59.3,59.3,59.3,59.7666666666667,60.2333333333333,60.7,59.975,59.25,58.525,57.8,59.2,60.6,62,63.4,64.8,64.2,63.6,63,63.2,63.4,63.3,63.2,63.1,63,63,63,63,63,63,63
"262","Zambia","Sub-Saharan Africa","Lower middle income",60.5,60.5,60.5,60.5,60.5,60.5,60.5,60.5,60.5,60.5,60.5,60.5,60.5,60.5,60.5,60.5,60.5,60.5,60.5,60.5,60.5,60.5,60.5,60.5,60.5,60.5,60.5,60.5,60.5,60.5,60.5,60.5,56.55,52.6,51.1666666666667,49.7333333333333,48.3,48.7,49.1,47.35,45.6,43.85,42.1,48.2,54.3,54.45,54.6,54.85,55.1,55.35,55.6,55.9,56.2,56.5,56.8,57.1,57.1,57.1,57.1,57.1,57.1
"263","Zimbabwe","Sub-Saharan Africa","Lower middle income",43.2,43.2,43.2,43.2,43.2,43.2,43.2,43.2,43.2,43.2,43.2,43.2,43.2,43.2,43.2,43.2,43.2,43.2,43.2,43.2,43.2,43.2,43.2,43.2,43.2,43.2,43.2,43.2,43.2,43.2,43.2,43.2,43.2,43.2,43.2,43.2,43.2,43.2,43.2,43.2,43.2,43.2,43.2,43.2,43.2,43.2,43.2,43.2,43.2,43.2,43.2,43.2,43.3833333333333,43.5666666666667,43.75,43.9333333333333,44.1166666666667,44.3,44.3,44.3,44.3
